T2020PUMA_GISMATCH,gamma01b_units_FMM_agg_eq20,gamma01b_units_FMM_agg_eq21
100100,0.65187538,0.68506694
100200,0.71991402,0.73435134
100300,0.62569809,0.65717942
100401,0.9100374,0.91057169
100402,0.48427814,0.50746477
100403,0.44538325,0.46574256
100501,0.92579132,0.92675781
100700,0.5915643,0.63353062
100800,0.78679645,0.81401616
100900,0.63338745,0.63338739
101100,0.65651065,0.65651214
101201,0.83093584,0.83657283
101202,0.45346206,0.47981793
101301,0.717785,0.72319108
101401,0.45732769,0.49493679
101402,0.57930672,0.59771585
101403,0.25136015,0.26661482
101404,0.42435762,0.44884697
101501,0.45502427,0.48256037
101502,0.6310274,0.63421446
101600,0.60951555,0.67351288
101700,0.68497097,0.70720232
101801,0.44624078,0.47380871
101802,0.37503111,0.42157862
101901,0.88628447,0.89029121
102000,0.68350434,0.68350434
102101,0.28725252,0.37898228
102201,0.7275129,0.76504391
102300,0.72863108,0.76838857
102400,0.78370374,0.79811978
102500,0.8590554,0.86042577
102701,0.80961174,0.81795764
102702,0.70188719,0.72691351
102801,0.88389951,0.88829607
102802,0.58829457,0.60321039
102803,0.49558997,0.51074481
400101,0.35367495,0.3823702
400102,0.25712904,0.26428959
400103,0.18882941,0.18895331
400104,0.20879252,0.21308939
400105,0.33639702,0.34934631
400106,0.25379923,0.25961742
400107,0.41635522,0.43127558
400108,0.25348422,0.25705168
400109,0.19491717,0.19524461
400110,0.23519987,0.23912451
400111,0.4201467,0.44735426
400112,0.62666333,0.64493889
400113,0.24053693,0.24474499
400114,0.20779084,0.21210164
400115,0.1981426,0.20540744
400116,0.21788679,0.21798772
400117,0.2235759,0.22649711
400118,0.22926475,0.23011427
400119,0.33094966,0.34402108
400120,0.29889327,0.31298915
400121,0.33482024,0.35922089
400122,0.21469679,0.21479152
400123,0.25850117,0.27262434
400124,0.26725951,0.27972135
400125,0.20972595,0.21018146
400126,0.24117623,0.24452387
400127,0.28923556,0.29630271
400128,0.26254365,0.28519034
400129,0.52892184,0.55727327
400130,0.26142186,0.28016341
400131,0.4887321,0.52104634
400132,0.74743968,0.76635385
400133,0.53284758,0.551557
400134,0.74999189,0.75815243
400135,0.84430212,0.84490889
400701,1.0310874,1.0408287
400803,0.54762644,0.58129185
400805,0.71832252,0.72481006
400807,0.7080425,0.73524588
400900,0.99837887,0.99837887
401101,0.50602299,0.56562638
401901,0.76811647,0.79855675
401902,0.58349609,0.63242954
401903,0.56137168,0.59090781
401904,0.54358244,0.55933392
401905,0.650415,0.7241165
401906,0.25503233,0.26150981
401907,0.29415911,0.29717112
401908,0.42748123,0.43542698
401909,0.3652927,0.39682311
500101,0.66017795,0.66845495
500102,0.39403185,0.42072105
500201,0.61966485,0.65920019
500202,0.58687758,0.63134015
500300,0.95545226,0.95558417
500400,0.79671484,0.79671484
500600,0.54049462,0.58648348
500800,0.65594923,0.69185656
500900,0.69284147,0.75894135
501100,0.59257901,0.64237064
501200,0.50786686,0.58875161
501300,0.84199202,0.84324884
501400,0.71674168,0.76006639
501501,0.55123365,0.60517955
501502,0.34213233,0.37844557
501600,0.55314749,0.60350913
501700,0.938209,0.938209
600101,0.11213477,0.118329
600111,0.16842493,0.17363565
600112,0.19408181,0.21985702
600113,0.12439333,0.12741299
600114,0.18557018,0.18731344
600115,0.12630156,0.14896588
600116,0.17480622,0.20273617
600117,0.11405839,0.11434307
600118,0.12970084,0.14012794
600119,0.16549593,0.19010738
600120,0.12538777,0.14981982
600121,0.08998426,0.10265266
600122,0.13927074,0.13933149
600123,0.094269395,0.09607821
600300,0.76174051,0.76174104
600700,0.55253053,0.60649383
601100,0.93064946,0.93064946
601301,0.12906207,0.13088739
601305,0.31939077,0.35383844
601308,0.063846357,0.094734281
601309,0.42505589,0.45925418
601310,0.19348602,0.21819253
601311,0.1566004,0.17728627
601312,0.43699324,0.4600361
601313,0.17781617,0.1962381
601314,0.13578571,0.17291391
601500,0.82462019,0.82462019
601700,0.5991832,0.64353812
601901,0.7952708,0.84260082
601902,0.29810435,0.31243995
601903,0.26249427,0.27076733
601904,0.32870886,0.35332274
601905,0.35420281,0.38255847
601906,0.31035313,0.35191995
601907,0.7154935,0.76946616
602500,0.20667574,0.23930773
602903,0.23174398,0.27023256
602904,0.4352701,0.49699968
602905,0.48652485,0.57539517
602906,0.47122684,0.5630576
602907,0.48619109,0.53527015
602908,0.30874312,0.3347677
603100,0.97041756,0.97041756
603703,0.27603221,0.29097649
603704,0.27595758,0.28946954
603705,0.15932584,0.16428037
603706,0.14256246,0.14758982
603707,0.12135942,0.12580697
603708,0.19480911,0.20822833
603709,0.26032877,0.27381453
603710,0.13214235,0.13641985
603711,0.17289607,0.18157704
603712,0.14780562,0.15059173
603713,0.13938141,0.14275964
603714,0.22262537,0.23604783
603715,0.13673873,0.13906775
603716,0.13590406,0.13673207
603717,0.11745753,0.11886237
603718,0.13360535,0.1370375
603719,0.15825357,0.16740297
603720,0.14820659,0.15453406
603721,0.16513817,0.16545513
603722,0.15796988,0.15811348
603723,0.15159635,0.15214106
603724,0.17761007,0.1818538
603725,0.15690483,0.15952611
603728,0.12359057,0.1243675
603730,0.16388308,0.16604406
603731,0.14556859,0.14928366
603732,0.15670493,0.16051748
603733,0.1835117,0.18487984
603734,0.12513702,0.12658805
603735,0.13463756,0.1376477
603736,0.12297881,0.12426662
603737,0.11980879,0.12055836
603738,0.16579831,0.16653937
603739,0.14724205,0.15414141
603740,0.144518,0.14545831
603741,0.20102389,0.20145559
603742,0.2182039,0.21892698
603743,0.13215381,0.13388778
603744,0.14835781,0.15236436
603745,0.22504975,0.22556616
603746,0.20058003,0.20147246
603747,0.15151724,0.1526915
603748,0.14036545,0.14179024
603750,0.18521059,0.1863662
603751,0.1901861,0.19072165
603752,0.18810849,0.18853621
603753,0.17682253,0.17724767
603754,0.1179094,0.11929394
603757,0.16973421,0.16996212
603758,0.17028755,0.17148352
603759,0.20717581,0.20843606
603760,0.10018561,0.10057289
603761,0.14794137,0.14877783
603762,0.16463368,0.16572501
603763,0.16323021,0.16415982
603764,0.16437198,0.16441284
603766,0.20568456,0.20750953
603767,0.12896571,0.13104691
603768,0.18914334,0.19878276
603770,0.13479459,0.13662413
603771,0.24415869,0.25679976
603772,0.56755686,0.57037294
603773,0.20917057,0.22407421
603774,0.31239739,0.33569133
603775,0.18673284,0.20019671
603776,0.12347863,0.12490787
603778,0.15386823,0.15540656
603779,0.13668765,0.13750948
603780,0.16253777,0.16508645
603781,0.17189123,0.1719556
603782,0.18535203,0.18560167
604103,0.37541908,0.41591102
604104,0.28744817,0.30988941
604701,0.72986364,0.78651601
604702,0.57277077,0.63237232
605301,0.35604119,0.44527623
605302,0.33149594,0.36510497
605303,0.49601009,0.58515924
605500,0.2698597,0.31337032
605906,0.12336133,0.13255741
605907,0.13428563,0.13542992
605908,0.16395183,0.16439354
605909,0.15942967,0.15949616
605912,0.16112967,0.16121282
605913,0.15463507,0.15468305
605914,0.14526066,0.14565305
605916,0.1629969,0.16327809
605917,0.15753628,0.15791754
605918,0.14916632,0.14985317
605919,0.15859598,0.16062979
605920,0.13134331,0.13247199
605921,0.23595482,0.25756046
605922,0.14096875,0.14160152
605923,0.14723724,0.14802241
605924,0.16806908,0.17996311
605925,0.13448259,0.14146382
605926,0.13649313,0.13884215
605927,0.22975509,0.24768083
605928,0.13982113,0.14725561
606101,0.25495479,0.27696893
606102,0.43318927,0.47586769
606103,0.63891393,0.66799593
606501,0.24290204,0.26716724
606502,0.17040053,0.19220744
606507,0.3501513,0.36953732
606509,0.41951242,0.43028262
606511,0.14451437,0.14836608
606514,0.21661744,0.22288027
606515,0.16882263,0.19343854
606516,0.2917313,0.30987117
606517,0.30743825,0.32847285
606518,0.18780538,0.20501332
606519,0.26449594,0.27804631
606520,0.14775872,0.15605032
606521,0.24540277,0.26531109
606522,0.13454798,0.14005265
606523,0.28327572,0.30609673
606524,0.26565832,0.28154993
606525,0.23817119,0.25654429
606701,0.18214954,0.18549435
606703,0.2703687,0.27394304
606704,0.22217773,0.22431436
606705,0.32210964,0.33145809
606706,0.37454769,0.40042236
606707,0.27475885,0.27659133
606709,0.30016071,0.30775481
606712,0.30965492,0.33173031
606713,0.26756427,0.28298098
606714,0.2487354,0.24947098
606715,0.39703315,0.436261
606716,0.35606465,0.36928681
606717,0.85284781,0.87971818
607101,0.44746432,0.46176991
607102,0.28588271,0.31008977
607103,0.35257182,0.36201674
607104,0.48370785,0.49531734
607105,0.22546332,0.24106148
607107,0.15627441,0.16407798
607108,0.11886548,0.12074016
607110,0.083345383,0.085870557
607111,0.1666736,0.17056306
607112,0.12868021,0.13142516
607115,0.13750675,0.14309865
607116,0.15340072,0.16415806
607117,0.10743668,0.11319697
607118,0.14122902,0.14908539
607119,0.24927498,0.26559138
607301,-0.031767022,0.00095578877
607302,0.46778145,0.51813996
607306,0.085708976,0.12970124
607307,0.39120615,0.43843874
607308,0.15424378,0.17494024
607310,0.12453347,0.12815508
607311,0.1182032,0.13392341
607312,0.071327932,0.075170495
607313,0.13560227,0.14491177
607314,0.1359411,0.16080579
607315,0.085152544,0.085935734
607316,0.14880653,0.1517361
607317,0.1119488,0.11441775
607322,0.12824264,0.13965569
607323,-0.017803457,0.0097037787
607324,-0.0078786686,0.0093073016
607325,0.10264839,0.13368034
607326,0.096828863,0.13094431
607327,0.077400863,0.077963106
607328,0.14955187,0.17613977
607329,0.14655437,0.16764018
607330,0.10668027,0.10917
607507,0.13057761,0.1317697
607508,0.14810327,0.14990763
607509,0.23065814,0.23363581
607510,0.23651181,0.2442967
607511,0.14843871,0.1523982
607512,0.14097904,0.14393678
607513,0.11135033,0.11348461
607514,0.16309981,0.16490476
607705,0.2529701,0.27663213
607706,0.25689977,0.26044589
607707,0.04788278,0.094071172
607708,0.33068487,0.42850694
607709,0.2018632,0.24953124
607902,0.97041756,0.97041756
608101,0.18779561,0.20799959
608102,0.13462344,0.14089495
608103,0.15539144,0.16108014
608104,0.22615668,0.26282442
608105,0.1452993,0.15324275
608106,0.21108916,0.23271932
608301,0.01466151,0.055624705
608302,0.29671758,0.42703921
608303,0.34371364,0.38813213
608505,0.030532792,0.055220947
608506,0.1726729,0.22018135
608507,0.11114056,0.13986403
608508,0.039467797,0.039799716
608510,0.02861502,0.03005157
608511,0.0058180792,0.006308767
608512,0.010729021,0.032573547
608515,0.18019478,0.19513899
608516,0.068512186,0.069268845
608517,0.061135981,0.061572459
608518,0.032956336,0.049439486
608519,0.048948925,0.049343623
608520,0.048003323,0.06814108
608521,0.040870253,0.041223094
608522,0.088270865,0.088853821
608701,0.47219995,0.53576106
608702,0.038251143,0.074410796
608900,0.64997798,0.68738097
609501,0.075286113,0.087464429
609502,0.22358936,0.26932916
609503,0.20531969,0.25612134
609702,0.22073099,0.2555823
609704,0.46768844,0.49565402
609705,0.15947379,0.19310865
609706,0.27451885,0.32461318
609901,0.49214557,0.55046874
609902,0.32464114,0.3472496
609903,0.45700821,0.52489203
609904,0.28170162,0.28773314
610100,0.47207558,0.54574007
610701,0.47809309,0.54665834
610702,0.37364748,0.46104637
610703,0.7624495,0.83264953
611102,0.26417133,0.27908751
611103,0.1535642,0.15897164
611104,0.16840668,0.18275879
611107,0.40689835,0.4323293
611108,0.22072233,0.24250364
611109,0.22603802,0.24476594
611301,0.38375425,0.46100032
611302,0.31065246,0.36377472
800301,0.63484508,0.67652172
800302,0.46859586,0.49953297
800303,0.39452139,0.44228852
800401,0.78756171,0.78914374
800501,0.26726753,0.31053874
800502,0.22648907,0.2584413
800601,0.31764135,0.34293064
800701,0.21717909,0.22405376
800702,0.20193721,0.2116421
800703,0.23856692,0.25351012
800801,0.29141733,0.31218144
800901,0.62419122,0.63626629
800902,0.54001749,0.55894428
801001,0.76909459,0.77893901
801002,0.095127881,0.12569469
801003,0.77359867,0.77511245
801101,0.16286744,0.17192793
801201,0.30295357,0.33294713
801202,0.24544773,0.26562363
801301,0.17536913,0.17841266
801401,0.65820402,0.67653567
801501,0.17674501,0.18212567
801601,0.13163462,0.13447632
801602,0.23830476,0.24474259
801603,0.17084683,0.18509084
801701,0.16895658,0.17116942
801702,0.26162523,0.27393258
801703,0.15263437,0.15459481
801704,0.18842934,0.19207714
801705,0.17073798,0.17464434
801800,0.74321997,0.74439633
802001,0.81354773,0.81746221
802002,0.45650664,0.52493495
802003,0.38790157,0.42897177
802004,0.20798744,0.22089329
802005,0.27127492,0.30135453
802006,0.24511798,0.27090949
802101,0.77252364,0.77639031
802301,0.29278892,0.33827394
802401,0.80439711,0.80901051
802501,0.38140288,0.40775594
920100,0.46700531,0.51118505
920201,0.010418596,0.018359764
920202,0.29979444,0.33005676
920203,0.66366595,0.66853499
920204,0.10694578,0.13272527
920205,0.22730847,0.25161129
920206,0.17125641,0.20034376
920207,0.29018879,0.33692083
920301,0.5841465,0.61080515
920401,0.19902882,0.25101745
920402,0.501109,0.55839014
920500,0.37609366,0.41561705
920601,0.066140465,0.083255038
920602,0.10239173,0.14013781
920603,0.14070302,0.17594479
920604,0.31179613,0.33976468
920701,0.050449029,0.067917407
920702,0.34178048,0.37914556
920703,0.2849457,0.31336355
920801,-0.016805535,-0.0088158241
920802,0.14007038,0.17154846
920901,0.13245177,0.15873367
920902,0.42000592,0.44192135
920903,0.10039911,0.11977012
920904,0.33586109,0.37409326
1000101,0.30740926,0.33934483
1000102,0.041014243,0.0579491
1000103,0.17177349,0.19555269
1000104,0.24443616,0.27825859
1000105,0.61000866,0.63199562
1000200,0.54311538,0.59138745
1000301,0.46269745,0.49110362
1000302,0.63334972,0.64095199
1100101,0.28475428,0.30128047
1100102,0.15412806,0.16433018
1100103,0.1390598,0.14127856
1100104,0.17261282,0.17819437
1100105,0.17145637,0.17529823
1100106,0.22669291,0.23084779
1200101,0.63526779,0.65069848
1200102,0.86714554,0.87675697
1200398,0.77827018,0.79842997
1200500,0.45734286,0.49382931
1200798,0.85440886,0.85440886
1200901,0.60288745,0.62928599
1200902,0.1261429,0.14703733
1200903,0.16974963,0.18703404
1200904,0.27824914,0.30030125
1200905,0.37074959,0.394364
1201101,0.22594504,0.23615085
1201102,0.22178861,0.22408558
1201103,0.12378042,0.12746753
1201104,0.15633242,0.16036539
1201105,0.22297376,0.22577265
1201106,0.2649959,0.26861131
1201107,0.24617393,0.25205603
1201108,0.22822297,0.22907257
1201109,0.19605592,0.19702183
1201110,0.31974664,0.32614732
1201111,0.16362223,0.16589792
1201112,0.17521298,0.18022409
1201113,0.19195545,0.19386287
1201114,0.14053027,0.14148051
1201115,0.2390413,0.24145146
1201116,0.18303981,0.18348025
1201117,0.27565002,0.28922489
1201500,-0.046922244,-0.046922244
1201901,0.788477,0.79888254
1201902,0.43451783,0.44874892
1202101,0.38364068,0.39258435
1202102,0.38875157,0.39584574
1202103,0.45550516,0.50877619
1203101,0.75058264,0.77059776
1203102,0.43810126,0.45363188
1203103,0.50040841,0.50815833
1203104,0.45142388,0.46229824
1203105,0.34687001,0.35745803
1203106,0.42771363,0.44583809
1203107,0.47794229,0.4939394
1203301,0.58374435,0.60122436
1203302,0.36928263,0.37962475
1203303,0.59756911,0.61159432
1205199,0.73057413,0.73508912
1205701,0.27949432,0.283701
1205702,0.23415083,0.23560065
1205703,0.28492007,0.29648867
1205704,0.3316696,0.34353817
1205705,0.29263821,0.30642673
1205706,0.46034077,0.49014497
1205707,0.29994166,0.3053996
1205708,0.45914,0.47415593
1205709,0.444049,0.47485888
1205710,0.28575805,0.28886315
1205711,0.49250746,0.49969417
1205998,0.7539649,0.75779545
1206100,0.79357016,0.79357016
1206903,0.53636861,0.53636861
1207101,0.26951864,0.28616551
1207102,0.30492991,0.3091411
1207103,0.48862526,0.50963515
1207104,0.36402354,0.3756929
1207105,0.24912195,0.27711368
1207106,0.4151262,0.43060553
1207301,0.70009607,0.70551199
1207302,0.44939187,0.46713847
1208101,0.34586784,0.37511012
1208102,0.21699561,0.22855219
1208103,0.32325816,0.35133719
1208301,0.85551411,0.86278254
1208302,0.75069749,0.7685706
1208303,0.73016781,0.73754156
1208500,0.22201538,0.2222243
1208601,0.27831316,0.28157473
1208602,0.22175281,0.22414798
1208603,0.24010552,0.24367522
1208604,0.19837132,0.20123766
1208605,0.26009691,0.26263994
1208606,0.23082572,0.23213702
1208607,0.17003486,0.17115712
1208608,0.24514838,0.25010332
1208609,0.18785611,0.18801193
1208610,0.27333733,0.27968025
1208611,0.22521967,0.22568868
1208612,0.24148805,0.24337371
1208613,0.24678276,0.24723154
1208614,0.30060992,0.30672371
1208615,0.2177258,0.21801244
1208616,0.4025473,0.41335377
1208617,0.29539061,0.30170691
1208618,0.21883464,0.21983841
1208619,0.30099165,0.31115943
1208620,0.31009185,0.31273296
1208621,0.37777853,0.41090348
1208622,0.37826994,0.41396886
1208623,0.31200892,0.31878141
1208624,0.36317763,0.38599977
1208625,0.62317842,0.63691443
1209101,0.64110661,0.65642172
1209102,0.41248828,0.42473364
1209501,0.39989009,0.41933966
1209502,0.32590723,0.33863929
1209503,0.3793374,0.39117631
1209504,0.35497412,0.36278021
1209505,0.367295,0.3728148
1209506,0.31178004,0.31838495
1209507,0.40163594,0.41151342
1209508,0.31953108,0.32317936
1209509,0.35285643,0.37258616
1209510,0.47433415,0.49013031
1209701,0.54807961,0.55052263
1209702,0.52860314,0.55982119
1209703,0.33335915,0.34957379
1209901,0.29404733,0.30779222
1209902,0.28103241,0.29016072
1209903,0.29194161,0.29527313
1209904,0.29149416,0.29493159
1209905,0.27050978,0.27783048
1209906,0.24506488,0.2507759
1209907,0.22871155,0.23783506
1209908,0.15906662,0.16761985
1209909,0.24273089,0.25251359
1209910,0.47105083,0.4875055
1209911,0.4593057,0.49731129
1210101,0.4292118,0.45505002
1210102,0.22470942,0.25579557
1210103,0.0053096986,0.0100873
1210104,0.47224981,0.48471794
1210301,0.14260249,0.1594781
1210302,0.13496095,0.13897514
1210303,0.096315593,0.10114353
1210304,0.089632772,0.092679687
1210305,0.062433813,0.06729643
1210306,0.11911809,0.12117009
1210307,0.15044093,0.1533099
1210308,0.082100309,0.084126793
1210501,0.39377898,0.40852576
1210502,0.47355485,0.50531214
1210503,0.6040585,0.62359965
1210504,0.65210992,0.66980189
1210505,0.68595231,0.71155226
1210799,0.65119779,0.65712285
1210902,0.8507728,0.85078019
1210903,0.38835457,0.44379878
1211101,0.37714928,0.39708668
1211102,0.38167441,0.39970499
1211103,0.41562378,0.42126262
1211300,0.69750452,0.71966308
1211501,0.29807726,0.30304793
1211502,0.23160365,0.2518957
1211503,0.17722879,0.21362452
1211701,0.35181844,0.35991094
1211702,0.29059607,0.29578435
1211703,0.33106202,0.33587113
1211704,0.45824456,0.47490895
1212701,0.47709024,0.50491482
1212702,0.43743399,0.45930898
1212703,0.4815602,0.49632147
1212704,0.44426438,0.48847419
1300100,0.69181472,0.70060617
1300200,0.7596187,0.7596187
1300300,0.5109067,0.51093251
1300701,0.57287282,0.57290787
1300702,0.46583951,0.46882421
1300801,0.57390982,0.5791676
1300802,0.44878387,0.45995271
1300900,0.52233887,0.52878422
1301000,0.60768336,0.63003337
1301100,0.6258918,0.62683815
1301200,0.510059,0.52454364
1301301,0.30913693,0.32459497
1301302,0.41178146,0.41499424
1301303,0.21065505,0.22657576
1301304,0.47037357,0.47618836
1301305,0.32581589,0.33379731
1301401,0.35510328,0.37037778
1301402,0.2660456,0.26979977
1301403,0.33938077,0.35537133
1301404,0.29249433,0.31282598
1301405,0.17910929,0.18723781
1301406,0.33612779,0.35611841
1301407,0.30887485,0.32689685
1301408,0.51443315,0.53603768
1301501,0.22368945,0.2353462
1301502,0.3134791,0.32233173
1301503,0.35427764,0.363141
1301504,0.36172757,0.36753339
1301505,0.41776893,0.42500782
1301506,0.43296659,0.44378659
1301601,0.18679084,0.19582523
1301602,0.40806898,0.41079289
1301603,0.50769597,0.50918746
1301604,0.25394821,0.26053873
1301605,0.23579837,0.24457937
1301606,0.26270154,0.27429664
1301607,0.40611053,0.41587621
1301800,0.54784846,0.57713699
1301900,0.72281396,0.72482121
1302100,0.49494013,0.50987959
1302201,0.55251628,0.5637759
1302202,0.58234733,0.58802539
1302301,0.25244403,0.25977078
1302302,0.38934278,0.39918247
1302400,0.51351619,0.52485406
1302500,0.56190449,0.56869453
1302600,0.66712058,0.66731429
1302700,0.63245332,0.63245332
1302800,0.61163193,0.61180484
1302900,0.88671243,0.8921755
1303000,0.61406326,0.65045798
1303100,0.88053143,0.88053143
1303200,0.58559859,0.61556196
1303301,0.31749025,0.32818386
1303302,0.58602232,0.60820103
1303400,0.892021,0.89420062
1303600,0.50998878,0.5364157
1303800,0.39211389,0.42285797
1304000,0.69065547,0.73109835
1304600,0.87944829,0.88111687
1304701,0.49144933,0.50945377
1304702,0.74659109,0.76457942
1600100,0.79027921,0.79027921
1600300,0.69870681,0.69870681
1600400,0.81519008,0.8244651
1600600,0.85760123,0.85768241
1600701,0.54864413,0.56160671
1600702,0.44737151,0.46304309
1600800,0.44721454,0.4909814
1601000,0.78108776,0.78108776
1601300,0.4865658,0.53183568
1700701,0.46854514,0.53466481
1701901,0.49032915,0.5398401
1701902,0.72437292,0.77800745
1702900,1.0270777,1.0270777
1703101,0.16186108,0.16855854
1703102,0.13388854,0.13842124
1703103,0.10827273,0.1091418
1703104,0.15022391,0.15170012
1703105,0.14522666,0.14626203
1703106,0.20709606,0.20945407
1703107,0.17098022,0.17182779
1703108,0.15853904,0.15960816
1703109,0.15984468,0.1603871
1703110,0.15187544,0.15248601
1703111,0.18162324,0.18249494
1703112,0.19250207,0.19358259
1703113,0.15550052,0.15641229
1703114,0.15536945,0.15619266
1703115,0.19104975,0.19664763
1703116,0.18342011,0.18704838
1703117,0.14260192,0.14318743
1703118,0.2316668,0.24294364
1703151,0.17464922,0.1756824
1703152,0.176186,0.1764029
1703153,0.19662267,0.19792487
1703154,0.20657815,0.20746364
1703155,0.19462876,0.19505544
1703156,0.16490917,0.16506852
1703157,0.19426873,0.19481418
1703158,0.1812374,0.18154734
1703159,0.25215432,0.25389358
1703160,0.24910359,0.25004372
1703161,0.18157065,0.1817755
1703162,0.2453237,0.24745531
1703163,0.20598659,0.20662253
1703164,0.17656514,0.17712902
1703165,0.17527197,0.17558528
1703166,0.16213919,0.1626008
1703167,0.15079466,0.15088201
1703168,0.15952033,0.15964778
1704301,0.14730135,0.15150182
1704302,0.15058272,0.15230545
1704303,0.1489598,0.15125875
1704304,0.16273683,0.16597456
1704305,0.15937924,0.17077386
1704306,0.12307067,0.12590985
1704307,0.17609671,0.17755292
1707300,0.60647678,0.6961987
1708901,0.4741978,0.48150054
1708902,0.10754552,0.11843719
1708903,0.16233233,0.17225742
1708904,0.082744777,0.087297723
1709100,0.45013306,0.51100308
1709300,0.35701436,0.3925364
1709500,0.85992503,0.86213362
1709701,0.22331539,0.23658434
1709702,0.11238898,0.12339913
1709703,0.16795881,0.17599644
1709704,0.26548114,0.27593747
1709705,0.20505321,0.2126921
1709900,0.56912398,0.56912398
1711101,0.35173821,0.37439665
1711102,0.22305901,0.23748904
1711300,0.41139677,0.47521219
1711500,0.43697032,0.48668027
1711700,0.58335441,0.59033018
1711901,0.33362362,0.36585513
1711902,0.4871006,0.51556897
1712100,0.77187467,0.77187467
1713500,0.98247391,0.98359448
1714300,0.3371042,0.39157555
1716100,0.31882644,0.36593157
1716301,0.32713583,0.34904388
1716302,0.70233929,0.71752602
1716700,0.44279301,0.49638343
1717900,0.53723621,0.60308486
1719500,0.86342841,0.86812431
1719701,0.20357749,0.21105145
1719702,0.25919697,0.26662871
1719703,0.11452385,0.13180196
1719704,0.3216733,0.32996336
1719705,0.47502702,0.486711
1720101,0.3180123,0.36308163
1800101,0.18797262,0.18928845
1800102,0.31423882,0.31794935
1800103,0.35497969,0.36989078
1800104,0.49113896,0.51766503
1800200,0.46649951,0.50495833
1800300,0.37863648,0.43415925
1800401,0.15653177,0.17011116
1800402,0.45921323,0.52087325
1800501,0.50978327,0.53208709
1800502,0.67254639,0.71554857
1800600,0.87982225,0.87982225
1800800,0.70128942,0.73141068
1800900,0.9025436,0.9025436
1801001,0.38068959,0.39305842
1801002,0.47925082,0.49737281
1801003,0.83669686,0.84625453
1801200,0.40075535,0.46150604
1801300,0.5324887,0.58287942
1801600,0.81060874,0.81060874
1801700,0.63455307,0.66472727
1801801,0.6183815,0.66050148
1801901,0.35676086,0.37086004
1801902,0.47469452,0.51408988
1802000,0.58065945,0.64051622
1802100,0.5096876,0.55396682
1802200,0.53216439,0.59485865
1802300,0.64027607,0.66474903
1802401,0.3224563,0.33366853
1802402,0.34254488,0.35338187
1802403,0.2946189,0.30371135
1802404,0.27594635,0.27942801
1802405,0.25815871,0.26051414
1802406,0.3658106,0.38824028
1802407,0.36159191,0.37713835
1802500,0.4320623,0.47883084
1802600,0.52910191,0.61992961
1802900,0.54434657,0.57898635
1803200,0.64391738,0.65196174
1803300,0.74848521,0.75560141
1803400,0.52772754,0.57113838
1803600,0.47692591,0.53336197
1803700,0.50481987,0.53629917
1900301,0.60976428,0.66058528
1900302,0.32314727,0.35669267
1900400,0.94224435,0.94224435
1900500,0.45073551,0.50457317
1900700,0.51443928,0.57426679
1900800,0.8671273,0.86724705
1900900,0.42849967,0.48437575
1901100,0.42089489,0.49412096
1901300,0.92860955,0.92860955
1901400,0.70039475,0.74304998
1901501,0.30780038,0.35086045
1901502,0.60075277,0.64341438
1901503,0.33413988,0.35226265
1901600,0.68964154,0.71788031
1902000,0.49127629,0.54380316
1902100,0.46023101,0.50899959
2000400,0.29525921,0.32013276
2000501,0.29843467,0.32709908
2000601,0.777412,0.78286815
2000700,0.42506835,0.45791385
2000801,0.24942896,0.28009948
2000802,0.19513458,0.20492536
2000803,0.2449463,0.26845485
2000804,0.23982525,0.28360894
2000900,0.51989567,0.56070215
2001201,0.41022134,0.46546274
2001301,0.45455933,0.50628895
2001401,0.25935718,0.26172781
2001501,0.45836112,0.52653503
2100300,0.73635012,0.76265389
2100400,0.63916904,0.63969791
2101400,0.57652956,0.6595124
2101500,0.59527212,0.62095928
2101600,0.56293291,0.58128983
2101701,0.24366343,0.24669531
2101702,0.34203121,0.36040154
2101703,0.44551623,0.46334028
2101704,0.33127776,0.34708539
2101705,0.30633625,0.31947222
2101706,0.36341593,0.38101798
2101800,0.67170113,0.67511356
2101901,0.24855535,0.25787175
2101902,0.35376444,0.39986536
2101903,0.25112849,0.26951262
2102100,0.54634064,0.55831623
2102300,0.88566536,0.88566536
2102400,0.37919131,0.41566241
2102500,0.4416382,0.48100445
2102600,0.4672249,0.50910658
2102700,0.60731226,0.60731226
2102800,0.44344765,0.47418746
2200101,0.38984826,0.44595215
2200102,0.44255757,0.48108381
2200200,0.58057094,0.63350761
2200300,0.80532473,0.80532473
2200400,0.55156082,0.5826965
2200600,1.0479629,1.0479629
2200700,0.70649612,0.74816549
2200801,0.52127647,0.55605668
2200901,0.46821427,0.50026453
2201100,0.71083581,0.7110433
2201201,0.59471834,0.61783367
2201202,0.43684655,0.4519819
2201300,0.7027235,0.7027235
2201400,0.703628,0.73430645
2201501,0.71648937,0.73526639
2201502,0.30249032,0.30750322
2201503,0.38778302,0.41206521
2201504,0.42607215,0.44914797
2201700,0.72596562,0.7425338
2201900,0.38830447,0.41132534
2202000,0.60835189,0.6496731
2202100,0.52717525,0.55225682
2202201,0.59827697,0.62384415
2202202,0.51473927,0.5554325
2202301,0.2345822,0.23713601
2202302,0.24489215,0.24596488
2202303,0.28926888,0.29558063
2202401,0.28609195,0.28861472
2202402,0.2505832,0.25095454
2202403,0.30823618,0.31205228
2202501,0.32581106,0.33849466
2300200,0.81402659,0.81402659
2300300,0.49141744,0.54610282
2300400,0.66286546,0.66286546
2300600,0.53691697,0.60158652
2300700,0.65284085,0.6973564
2300800,0.74587619,0.75576454
2300900,0.4377735,0.53977585
2301000,0.27810314,0.30143616
2400101,0.64085549,0.6857987
2400201,0.36721575,0.44052473
2400301,0.31019709,0.33883354
2400302,0.64782596,0.6500628
2400400,0.60275286,0.60857201
2400501,0.66535431,0.66840422
2400502,0.32493564,0.3339636
2400503,0.26224807,0.28140885
2400504,0.20761095,0.22516538
2400505,0.23872133,0.25468081
2400506,0.20072237,0.22209527
2400507,0.2268593,0.24297996
2400601,0.49066395,0.50991362
2400602,0.25420892,0.27546906
2400700,0.69640321,0.71039051
2400801,0.15062805,0.16974699
2400802,0.11551297,0.13115358
2400803,0.1228757,0.13081473
2400804,0.12339678,0.13163991
2400805,0.11604867,0.12382105
2400901,0.56205368,0.57631111
2400902,0.37071955,0.3802762
2400903,0.33035368,0.3499248
2401001,0.6296072,0.64453465
2401002,0.33580652,0.35613671
2401003,0.2313312,0.24175879
2401004,0.38819042,0.40916449
2401005,0.34258056,0.35369086
2401006,0.43172988,0.44376042
2401007,0.26995245,0.27822804
2401008,0.3553797,0.37225342
2401101,0.20081158,0.20890827
2401102,0.29120845,0.31290916
2401103,0.20456615,0.20985024
2401104,0.21926114,0.22627476
2401105,0.40617162,0.42762297
2401106,0.56090534,0.57492429
2401107,0.3058283,0.31768602
2401201,0.32024047,0.329519
2401202,0.20060375,0.20734856
2401203,0.47391412,0.48269689
2401204,0.33036751,0.35297981
2401205,0.32749486,0.37331441
2401300,0.69492739,0.69865632
2401501,0.61661583,0.62595212
2401601,0.67238081,0.67505926
2401700,0.5926854,0.60966843
2500100,0.53350139,0.58156163
2500201,0.61396277,0.62617129
2500301,0.39500064,0.43197489
2500401,0.34968969,0.39036697
2500402,0.19477665,0.20216016
2500403,0.38452259,0.42150924
2500501,0.31937861,0.38722259
2500502,0.16285938,0.22907834
2500503,0.24884257,0.28360382
2500504,0.042543013,0.051380459
2500505,0.089987852,0.1052075
2500506,0.47947809,0.51180416
2500507,0.43286636,0.47048354
2500601,0.3180384,0.34258196
2500602,0.035416216,0.042015929
2500603,0.18114355,0.18735236
2500604,0.28653929,0.31230018
2500605,0.08910048,0.10114693
2500606,0.31549156,0.33867794
2500607,0.20775709,0.21988894
2500608,0.12853682,0.13463761
2500609,0.13515012,0.13935012
2500610,0.16062954,0.16252948
2500611,0.19482511,0.19739488
2500612,0.090087555,0.092335314
2500613,0.10668197,0.11001142
2500701,0.084828943,0.1071573
2500702,0.10044838,0.1164161
2500703,0.20942479,0.25569102
2500704,0.19879533,0.22607128
2500705,0.10252839,0.10861846
2500706,0.10335637,0.1208702
2500801,0.14515159,0.14942813
2500802,0.21603644,0.21904908
2500803,0.14221607,0.14716411
2500804,0.10000278,0.10154159
2500805,0.10375194,0.10843489
2500806,0.14502178,0.1465802
2500901,0.27689224,0.29834935
2500902,0.072009102,0.088053383
2500903,0.060425103,0.071392246
2500904,0.085558333,0.09656734
2500905,0.16858901,0.19058523
2500906,0.32142413,0.33413643
2501001,0.2019908,0.24806069
2501002,0.32596838,0.36157414
2501003,0.1074255,0.14191359
2501004,0.21387644,0.24665152
2501101,0.11168049,0.11693746
2501102,0.39277211,0.40556762
2501103,0.33911553,0.36100575
2501104,0.3598955,0.40749967
2501201,0.35097945,0.35098091
2600700,0.50989234,0.55394089
2600801,0.15952119,0.22510114
2600802,0.48936102,0.54075253
2601001,0.25915426,0.28005341
2601002,0.18302722,0.18915515
2601003,0.40713093,0.43998313
2601004,0.5574351,0.59275895
2601100,0.82343233,0.82343239
2601400,0.45288712,0.53119808
2601500,0.57232058,0.62947726
2601701,0.65400982,0.6843487
2601702,0.44517285,0.46609798
2601703,0.26590824,0.28130338
2601704,0.50813407,0.56601155
2601801,0.53571719,0.57256067
2601802,0.28804338,0.29371834
2601900,0.65539503,0.69386357
2602000,0.55096447,0.60767919
2602101,0.61701399,0.64761651
2602102,0.29788846,0.31317231
2602200,0.95828807,0.95828807
2602400,0.51757097,0.579813
2602600,0.5596078,0.59958673
2602701,0.4320184,0.46161383
2602702,0.045624334,0.052895669
2602703,0.16670957,0.19373249
2602800,0.3430821,0.37437961
2602901,0.360255,0.38079605
2602902,0.35082731,0.36875129
2602903,0.1793057,0.18447508
2602904,0.11517771,0.12109289
2602905,0.20469904,0.21387136
2602906,0.22719383,0.23195066
2602907,0.14627947,0.15020297
2602908,0.16608764,0.16690785
2603001,0.31929147,0.35256445
2603002,0.21452929,0.22308838
2603003,0.16234414,0.16363113
2603004,0.15970024,0.16144244
2603005,0.14667681,0.14678876
2603006,0.15751898,0.15781516
2603100,0.2659041,0.32771701
2603201,0.19051602,0.20168172
2603202,0.16907871,0.17096111
2603203,0.1726965,0.17383236
2603204,0.16357611,0.1652468
2603205,0.29920888,0.32170281
2603206,0.21359786,0.22176772
2603207,0.16463667,0.16480431
2603208,0.17673381,0.17759025
2603209,0.17581227,0.17723045
2603210,0.1792706,0.17951262
2603211,0.20932516,0.21105039
2603212,0.19770704,0.19793272
2603213,0.20516762,0.2070591
2603300,0.57178795,0.6301524
2700101,0.91264784,0.92690325
2700201,0.84924912,0.85686839
2700301,0.55611151,0.66497266
2700401,0.44090259,0.50128913
2700501,1.0873516,1.0874244
2700700,0.67258835,0.72792721
2700901,0.90584666,0.91832262
2701001,0.47284237,0.52598453
2701101,0.74753201,0.77352041
2701200,0.6675142,0.67128217
2701301,0.66305727,0.68005997
2701302,0.21948421,0.2288965
2701303,0.43233037,0.44922286
2701401,0.39999658,0.43604359
2701402,0.29150003,0.3198221
2701501,0.28638142,0.29749396
2701502,0.22378217,0.22939231
2701503,0.1311263,0.13369244
2701504,0.16066766,0.16444212
2701505,0.10612039,0.11349902
2701601,0.43856233,0.4691062
2701602,0.29046386,0.3010523
2701603,0.27373782,0.28200665
2701604,0.21905817,0.22191891
2701605,0.25830486,0.2688655
2701606,0.20700586,0.21240732
2701607,0.20677538,0.21132168
2701608,0.17970668,0.18164411
2701609,0.18165071,0.18308967
2701610,0.24606533,0.25051329
2701611,0.18575339,0.18763402
2701701,0.18992256,0.20020792
2701702,0.25625181,0.29234043
2701703,0.16144113,0.16846441
2701704,0.44276488,0.47151336
2701800,0.38381928,0.42494014
2701900,0.49168158,0.51813412
2702001,0.60026717,0.61441213
2702100,0.66865182,0.66865182
2702500,0.67589223,0.67589223
2702600,0.77105117,0.77158707
2702700,0.45327401,0.49297899
2800900,0.58611429,0.63461173
2801001,0.91444659,0.91838419
2801101,0.42107606,0.44613203
2801300,0.75813055,0.78228045
2801400,0.90602559,0.90602553
2801800,0.65044039,0.6961683
2801900,0.50317711,0.51853156
2802001,0.52145529,0.56089497
2802002,0.52310079,0.55124032
2802100,0.57510161,0.63212091
2900200,0.43706161,0.49654305
2900501,0.89655036,0.90109801
2900601,0.54419351,0.58778226
2900800,0.67847019,0.68190336
2900901,0.53063554,0.56735992
2900902,0.34313446,0.35270092
2901000,0.50805652,0.52933484
2901101,0.14917921,0.1541169
2901102,0.26195514,0.27652645
2901103,0.48154518,0.51094371
2901104,0.35971117,0.3840827
2901105,0.29236254,0.30936256
2901200,0.55155653,0.57362008
2901400,0.66201735,0.66201735
2901700,0.54565376,0.55585915
2901801,0.30712524,0.34297279
2901802,0.17368904,0.20035699
2901803,0.099514961,0.12035315
2901901,0.2542125,0.27528331
2901902,0.21931513,0.24461253
2901903,0.1340916,0.13665988
2901904,0.24506937,0.2582759
2901905,0.15443617,0.15898445
2901906,0.32129803,0.34668657
2901907,0.15686727,0.15938751
2901908,0.24220137,0.25427118
2902001,0.16644298,0.16961297
2902002,0.099417329,0.10028694
2902101,0.47299999,0.49917167
2902102,0.60923743,0.61963683
2902600,0.68001175,0.68042028
2902701,0.76441026,0.7735787
2902702,0.28561038,0.30967534
2902703,0.33428317,0.36798117
2902800,0.71815503,0.71815503
2902900,0.67110705,0.71826339
3000200,0.5000875,0.55148667
3000300,0.92818308,0.92818826
3000500,0.46690345,0.52418286
3000600,0.91167289,0.91983706
3000700,0.65347707,0.73461074
3000800,0.23619083,0.24950232
3100200,0.69810241,0.74484295
3100702,0.33672911,0.39020172
3100801,0.20846182,0.23176944
3100802,0.22463214,0.25679487
3100901,0.17687872,0.20759957
3100902,0.11120009,0.1289731
3100903,0.21290453,0.22774529
3100904,0.13905858,0.1426107
3200101,0.37227488,0.42633992
3200102,0.23820582,0.25462738
3200103,0.6722551,0.70868832
3200200,0.69449413,0.69477189
3200300,0.85460365,0.85460365
3200401,0.42090887,0.44688743
3200402,0.34648144,0.38365251
3200403,0.30196691,0.3166478
3200404,0.28448212,0.30184186
3200405,0.11268053,0.12224883
3200406,0.1513509,0.15475705
3200407,0.22766134,0.23106016
3200408,0.20880064,0.21549554
3200409,0.2021284,0.20554362
3200410,0.19367413,0.21880879
3200411,0.28373614,0.36233264
3200412,0.25635895,0.2783111
3200413,0.06962432,0.07017798
3200414,0.23403752,0.29043642
3200415,0.2740117,0.36242071
3300201,0.89584529,0.89584529
3300301,0.60810697,0.64931566
3300401,0.56762475,0.56937051
3300501,0.53184938,0.53197461
3300601,0.16970167,0.18184899
3300602,0.41521183,0.43753022
3300603,0.1989948,0.22255114
3300701,0.49430528,0.53103012
3300801,0.36965418,0.42472598
3400101,0.39802217,0.43691561
3400102,0.85427588,0.87621218
3400301,0.13550141,0.14226606
3400302,0.106883,0.10897177
3400303,0.071709678,0.076016992
3400304,0.10245058,0.10755904
3400305,0.33992141,0.35037851
3400306,0.38971123,0.39699838
3400307,0.22314911,0.22865446
3400308,0.37341499,0.37865031
3400501,0.095347568,0.097423397
3400502,0.15636836,0.16385327
3400503,0.073482849,0.077029102
3400504,0.41620889,0.43880519
3400601,0.15065101,0.15382677
3400602,0.12642995,0.12792815
3400603,0.16325347,0.16710912
3400604,0.1265997,0.12972371
3400605,0.14882535,0.15197155
3400800,0.51429439,0.5341121
3400901,0.30742374,0.31797358
3400902,0.3946808,0.40411127
3400903,0.22770688,0.23175436
3400904,0.12599267,0.13252632
3400905,0.086277664,0.091127187
3400906,0.1600958,0.16789278
3400907,0.11718824,0.12347154
3401001,0.4857085,0.49405819
3401002,0.41876152,0.43715209
3401003,0.21174054,0.22405736
3401101,0.22739457,0.23971905
3401102,0.40046626,0.41834643
3401103,0.24550427,0.25511175
3401104,0.25100705,0.26630658
3401105,0.24522236,0.25665733
3401106,0.43616611,0.44617328
3401201,0.30661371,0.3549805
3401202,0.17088661,0.18555413
3401203,0.20928314,0.21950081
3401204,0.4293389,0.4530479
3401205,0.14414893,0.14607726
3401401,0.13358516,0.13620062
3401402,0.11888521,0.12788789
3401403,0.27535254,0.28441405
3401404,0.28444576,0.29451528
3401405,0.14969192,0.1517387
3401406,0.15591699,0.15927966
3401407,0.088386029,0.089215688
3401501,0.34501478,0.36568502
3401502,0.44746184,0.45702171
3401503,0.2776019,0.28976309
3401504,0.27693328,0.29458654
3401600,0.49864817,0.50992197
3401700,0.35158893,0.39194003
3401901,0.10419785,0.10544721
3401902,0.25462365,0.2641471
3401903,0.28162953,0.29088452
3401904,0.15027548,0.15318367
3401905,0.11438841,0.1163848
3402001,0.29860982,0.30790013
3402002,0.36720839,0.38583624
3402003,0.53545791,0.56018114
3402101,0.1673439,0.17046513
3402102,0.22304894,0.22632176
3402103,0.3567788,0.38046855
3402104,0.27932015,0.28635323
3402201,0.28955212,0.29816288
3402202,0.50446731,0.53510255
3402301,0.13136597,0.14553626
3402302,0.39597568,0.41905922
3402303,0.28057018,0.30020422
3402401,0.53768021,0.60052884
3402501,0.4395144,0.52265036
3402601,0.31713998,0.36601728
3500300,0.78881258,0.7978611
3500500,0.69301975,0.73477614
3500600,0.69468731,0.74071848
3500701,0.5702948,0.6004582
3500702,0.3515662,0.3826887
3500703,0.2450197,0.28159776
3500704,0.1543112,0.15995903
3500705,0.31449893,0.34725165
3500706,0.71889663,0.73803854
3500800,0.93407315,0.94215733
3500900,0.84625047,0.84707886
3501001,0.8578257,0.90927953
3501002,0.48799494,0.57962191
3600300,0.65336645,0.6834231
3600401,0.72202736,0.75525773
3600402,0.46135297,0.5280686
3600403,0.88622898,0.89104825
3600500,0.74741393,0.74741393
3600600,0.52488118,0.63087291
3600701,0.19656107,0.20889129
3600702,0.61425829,0.64156216
3600703,0.49600789,0.54051447
3600704,0.96106482,0.96162015
3600800,0.77563018,0.79307973
3600901,0.59500998,0.63480538
3600902,0.2489787,0.2529498
3600903,0.26631919,0.27390662
3600904,0.5463931,0.56759423
3600905,0.8534714,0.87997258
3600906,0.63411707,0.65545553
3601000,0.88376904,0.88749504
3601101,0.22589657,0.26488999
3601102,0.58670861,0.66043091
3601201,0.32704586,0.3497692
3601202,0.40202135,0.41783091
3601203,0.66223305,0.70486081
3601204,0.34086755,0.3499026
3601205,0.22760089,0.22870393
3601206,0.21159503,0.21366593
3601207,0.61993492,0.65307844
3601300,0.62659764,0.6823597
3601500,0.7655822,0.78423518
3601600,0.82332802,0.82355803
3601700,0.2704879,0.3199285
3601801,0.43448642,0.48457485
3601802,0.52904624,0.59151697
3601900,0.47232279,0.54023343
3602001,0.20418134,0.21285562
3602002,0.49521315,0.53538954
3602100,0.55163431,0.55435991
3602201,0.3172147,0.35440764
3602204,0.88872224,0.89089388
3602403,0.53747004,0.57953703
3602404,0.72751147,0.73127127
3602701,0.4908821,0.4932864
3602702,0.35145313,0.37829658
3602803,0.58316875,0.59546071
3602804,0.24179165,0.2749123
3602805,0.4763388,0.48286369
3602901,0.29973838,0.33041495
3602902,0.31269777,0.36437169
3602903,0.55113387,0.5710516
3603001,0.33911318,0.35011423
3603002,0.32704321,0.33912152
3603003,0.27690727,0.29373038
3603102,0.235595,0.25465912
3603103,0.42911565,0.442788
3603110,0.13441096,0.14448313
3603111,0.25501192,0.26313445
3603112,0.09641543,0.098631352
3603113,0.10573599,0.10888925
3603114,0.14308153,0.14894564
3603201,0.18459988,0.19246204
3603202,0.22247551,0.23596403
3603203,0.1329065,0.13446127
3603204,0.14935836,0.15063466
3603205,0.15909673,0.15959232
3603206,0.14652175,0.14684537
3603207,0.13077463,0.13124348
3603208,0.12204327,0.12291364
3603209,0.13612209,0.1362747
3603210,0.1484338,0.14895134
3603211,0.15765503,0.15830861
3603212,0.16948117,0.17056699
3603301,0.25481966,0.26383579
3603302,0.24136075,0.24664162
3603303,0.22958896,0.23529857
3603304,0.29797858,0.30373675
3603305,0.3249087,0.33502379
3603306,0.3306942,0.33711508
3603307,0.19186841,0.19631173
3603308,0.1584433,0.16031076
3603309,0.17201284,0.17561057
3603310,0.15429252,0.15679429
3603311,0.14739808,0.15013121
3603312,0.12317846,0.12414372
3603313,0.12388633,0.12488866
3604103,0.22140364,0.22549556
3604104,0.2225775,0.22644097
3604107,0.12292423,0.12595944
3604108,0.12163423,0.12461336
3604109,0.11932305,0.12406664
3604110,0.15314333,0.15810868
3604111,0.1484639,0.15317895
3604112,0.12867871,0.13385057
3604121,0.24606143,0.24934997
3604165,0.14370731,0.14894103
3604204,0.11651219,0.12168682
3604205,0.13572516,0.14064269
3604207,0.11363898,0.11489016
3604208,0.11267622,0.11558007
3604209,0.168667,0.1711566
3604210,0.19013371,0.19227913
3604211,0.12174679,0.12366107
3604212,0.10265073,0.10332587
3604221,0.15079764,0.15543523
3604263,0.12232255,0.12734018
3604301,0.24309403,0.24921989
3604302,0.12731707,0.13197164
3604303,0.16375566,0.16856161
3604304,0.20095091,0.20665981
3604305,0.20531265,0.20948315
3604306,0.168231,0.17131224
3604307,0.18400489,0.18684122
3604308,0.13879494,0.14362928
3604309,0.16258664,0.16676126
3604310,0.19924347,0.20430195
3604311,0.28909329,0.29198253
3604312,0.23462369,0.2384755
3604313,0.16959272,0.17570932
3604314,0.20183146,0.2065966
3604315,0.2325533,0.23685308
3604316,0.14934853,0.15532123
3604317,0.23411041,0.23844132
3604318,0.22486535,0.22889501
3604401,0.21515851,0.22233416
3604402,0.15314189,0.16009663
3604403,0.19235551,0.19778457
3604404,0.21883535,0.22568721
3604405,0.16860458,0.17625158
3604406,0.14804448,0.14927246
3604407,0.13134269,0.13318928
3604408,0.11753996,0.11887187
3604409,0.20932062,0.21551634
3604410,0.23514542,0.23728234
3604411,0.11314184,0.11569044
3604412,0.19171818,0.19260275
3604413,0.16907214,0.17018488
3604414,0.16423205,0.16550459
3604501,0.080683,0.083747685
3604502,0.1033704,0.11028812
3604503,0.073294871,0.079398289
3700100,0.65550447,0.65741479
3700200,0.7438333,0.7438333
3700300,0.63047546,0.63612175
3700400,0.71011353,0.7243197
3700500,0.81878269,0.81996053
3700900,0.7464205,0.74642599
3701001,0.88710946,0.8875609
3701101,0.82868958,0.83502424
3701201,0.4697102,0.48924512
3701202,0.44829199,0.45605385
3701203,0.75947338,0.76661003
3701204,0.79971868,0.81374663
3701205,0.8198027,0.8265121
3701206,0.75751621,0.76839852
3701207,0.52748066,0.53786874
3701208,0.78784311,0.79132664
3701301,0.37560999,0.4172546
3701302,0.3940222,0.44671309
3701400,0.4992874,0.55854154
3701500,0.71873164,0.72999972
3701600,0.62851036,0.67265755
3701701,0.25583696,0.29479045
3701702,0.078535423,0.10370805
3701703,0.70737106,0.74552768
3701704,0.20696875,0.29225981
3701801,0.2207302,0.24928097
3701802,0.17467298,0.23428053
3701803,0.53556252,0.55866402
3701900,0.74196184,0.7419641
3702000,0.66550833,0.69474143
3702100,0.61528856,0.63722193
3702201,0.53761578,0.55825281
3702202,0.80997765,0.8114894
3702300,0.81995511,0.8199572
3702500,0.49949366,0.53391826
3702600,0.74569893,0.75183123
3702700,0.55525213,0.5913564
3702800,0.59889615,0.63099813
3702900,0.69167763,0.69229823
3703001,0.67867774,0.68773288
3703002,0.332791,0.36581483
3703101,0.26817882,0.27799213
3703102,0.31323412,0.33509475
3703103,0.41203603,0.41607884
3703104,0.43113127,0.43564257
3703105,0.2736384,0.28680924
3703106,0.59708786,0.6129204
3703107,0.59079522,0.61578643
3703108,0.47488624,0.50010228
3703200,0.39159977,0.42063773
3703300,0.78551996,0.7860952
3703400,0.44917348,0.49830002
3703500,0.49117559,0.53327429
3703600,0.60623819,0.64395368
3703700,0.66147447,0.66199809
3703800,0.7332747,0.73890167
3703900,0.83099991,0.83556598
3704000,0.78614759,0.80877882
3704101,0.97444808,0.97919351
3704501,0.7418558,0.76342982
3704601,0.81358278,0.82770008
3704701,0.52339417,0.54290336
3704800,0.75888819,0.79595512
3704900,1.0160526,1.0160769
3705001,0.41911873,0.42994434
3705002,0.80770475,0.84366417
3705003,0.51951343,0.54140693
3705200,0.48545805,0.48545805
3705301,0.67558765,0.68392688
3705401,0.70290738,0.70783973
3800200,0.70133138,0.70133138
3800300,0.51707363,0.60650188
3800500,0.58394462,0.63652623
3800600,0.44984952,0.48464209
3900200,0.85277289,0.87353051
3900301,0.57173407,0.61349839
3900302,0.34888965,0.35513166
3900303,0.26699585,0.26867792
3900401,0.58925956,0.66546685
3900500,0.24857126,0.33463824
3900601,0.21845332,0.23739967
3900602,0.55250645,0.57281321
3900701,0.46405399,0.47166461
3900702,0.23412026,0.24148245
3900703,0.21726458,0.22013587
3900704,0.2627295,0.27190816
3900705,0.45663938,0.46641946
3900706,0.18251772,0.19185336
3900707,0.17419934,0.17696834
3900708,0.1767976,0.17914146
3900709,0.19824564,0.20510617
3900710,0.28479433,0.29972073
3900801,0.24670513,0.26740918
3900802,0.29497063,0.31579661
3900900,0.62867612,0.6352886
3901001,0.67433035,0.7006489
3901002,0.32699624,0.35599118
3901003,0.34997714,0.37457278
3901100,0.51782811,0.55776811
3901201,0.45383245,0.4717297
3901202,0.33211562,0.34850466
3901203,0.1950582,0.21032457
3901204,0.43110234,0.46463493
3901300,0.46179834,0.48023221
3901400,0.47747514,0.52404958
3901500,0.64645457,0.64684916
3901600,0.56819153,0.62014902
3901800,0.67212671,0.73768085
3902000,0.59269542,0.65149826
3902100,0.66630751,0.69152713
3902200,0.73839349,0.76354307
3902300,0.75167346,0.77076644
3902400,0.38518384,0.47101837
3902500,0.67854899,0.74095851
3902600,0.7280671,0.7280671
3902701,0.44084525,0.47988063
3902702,0.26403654,0.27958208
3902703,0.53031868,0.58953148
3902800,0.45929268,0.51168489
3902900,0.61629689,0.6169256
3903000,0.62031192,0.6522783
3903100,0.65479809,0.65524107
3903200,0.48371485,0.55320668
3903301,0.50707495,0.5793069
3903302,0.51325816,0.5353834
3903401,0.48421797,0.50973582
3903402,0.21049984,0.21775772
3903403,0.18922676,0.19460289
3903404,0.26905224,0.28476408
3903405,0.33841455,0.35133129
3903406,0.17890325,0.18253683
3903407,0.24870877,0.25220972
3903408,0.25245649,0.25625339
3903409,0.35225573,0.37667364
3903410,0.26576743,0.27127638
3903411,0.44506332,0.50286138
3903500,0.45721567,0.54006714
3903600,0.55976731,0.59287179
3903701,0.41675586,0.44001338
3903702,0.51888919,0.59109247
3903703,0.25897112,0.27365702
3903704,0.29677826,0.31466424
3903801,0.21395802,0.29930219
3903802,0.17995788,0.2075579
3903803,0.32716662,0.33431387
3903901,0.27616692,0.29161793
3903902,0.46023706,0.49010804
3904000,0.65145665,0.7020396
3904200,0.52134758,0.57629865
3904300,0.53532755,0.63235927
3904501,0.7601642,0.76276428
3904602,0.53494579,0.54640973
3904701,0.42046776,0.44139734
3904702,0.19091815,0.20808128
3904703,0.27580315,0.2928991
3904704,0.46620268,0.49803326
3904705,0.2997168,0.3212617
3904706,0.1764226,0.18613549
3904707,0.22587873,0.25548851
4020100,0.81266958,0.81266958
4020200,0.63444769,0.68489718
4020300,0.84685177,0.85907221
4020400,0.7357316,0.78256583
4020500,0.97295505,0.97464293
4020600,0.82514918,0.84034568
4020700,0.80708426,0.81468624
4020801,0.44091803,0.49954402
4020802,0.3482413,0.38246924
4020803,0.2253807,0.24856184
4020804,0.32733485,0.3702988
4020805,0.4619104,0.504897
4020900,0.77228075,0.80236864
4021100,0.7353431,0.7626884
4021200,0.81149918,0.81149918
4021301,0.42248034,0.469863
4021302,0.41271171,0.47164467
4021401,0.24046536,0.25892246
4021402,0.37814173,0.42219776
4021403,0.46586812,0.52334619
4021404,0.24101217,0.25541624
4021405,0.2437657,0.24996176
4021406,0.29829839,0.32307458
4021500,0.52479184,0.60501665
4021600,0.81036156,0.81562424
4021700,0.45171466,0.52103847
4021800,0.65201479,0.70357269
4022000,0.70378375,0.70378381
4022100,0.96335524,0.96344185
4100301,0.69457757,0.69517285
4100501,0.21365732,0.24298954
4100502,0.22474667,0.24527538
4100503,0.6677559,0.69671398
4100504,0.36075199,0.38115355
4102901,0.39894429,0.42993313
4102902,0.61377788,0.65702039
4103903,0.30831116,0.32644001
4103904,0.29967383,0.31975219
4103905,0.7882697,0.81057912
4104301,0.64555854,0.64555925
4104703,0.17526385,0.20368712
4104704,0.12293074,0.14183703
4104705,0.57176745,0.59933966
4105101,0.11634942,0.11745472
4105102,0.14189667,0.14569446
4105103,0.15936214,0.16059673
4105105,0.13310704,0.13453855
4105114,0.25037277,0.27131867
4105116,0.20374213,0.22526568
4106720,0.1874768,0.20009699
4106721,0.40255907,0.46339816
4106722,0.22477081,0.2543433
4106723,0.16204232,0.16914862
4106724,0.15952826,0.16243324
4107100,0.43103769,0.49669716
4109000,0.58294111,0.6317305
4109300,0.47098824,0.52259827
4200111,0.23461609,0.25755933
4200112,0.63943034,0.69185406
4200200,0.81407821,0.81516719
4200300,0.55261874,0.59013671
4200400,0.68529761,0.68773776
4200500,0.5426541,0.54280108
4200600,0.44278038,0.4569374
4200701,0.19175124,0.21329083
4200702,0.4797219,0.53051823
4200801,0.31273055,0.36251161
4200900,0.58522433,0.63314724
4201100,0.63322008,0.63322008
4201200,0.55395108,0.60918981
4201300,0.71530336,0.71530336
4201400,0.48883057,0.55555135
4201511,0.53071433,0.55095679
4201512,0.27889389,0.33197513
4201600,0.45603687,0.49964797
4201701,0.14622119,0.15032585
4201702,0.2051388,0.21306457
4201801,0.34726676,0.37374762
4201802,0.41557971,0.44930679
4201803,0.27908194,0.30050769
4201804,0.21428108,0.22965451
4201805,0.21205415,0.23610546
4201806,0.23065782,0.23715006
4201807,0.36023381,0.38013479
4201900,0.39494061,0.46027565
4202011,0.38216904,0.42885551
4202012,0.30091682,0.34343916
4202013,0.36375168,0.42624283
4202100,0.60831654,0.65426707
4202200,0.35308322,0.41864979
4202301,0.49879175,0.5642519
4202302,0.37818947,0.40939304
4202401,0.2497645,0.26661709
4202402,0.50570762,0.55572355
4202500,0.33733523,0.3373352
4202600,0.52516967,0.52516967
4202701,0.44649091,0.48155305
4202702,0.29747155,0.34161088
4202703,0.50305623,0.55308908
4202801,0.437758,0.47253582
4202802,0.28298679,0.32881245
4202803,0.068187967,0.084567703
4202901,0.13226141,0.17025413
4202902,0.34432697,0.39603323
4203011,0.43842465,0.47109348
4203012,0.46185613,0.47956881
4203013,0.39073494,0.40747935
4203014,0.28621435,0.29499084
4203015,0.26735845,0.28074795
4203111,0.23128171,0.27678394
4203112,0.3466551,0.37880772
4203113,0.23959671,0.2489548
4203114,0.19204654,0.22153199
4203115,0.29152143,0.30852565
4203116,0.24137276,0.26776206
4203117,0.28338423,0.29344541
4203216,0.11042881,0.12521388
4203221,0.11777233,0.12049337
4203222,0.12048937,0.12370083
4203223,0.11244765,0.11501465
4203224,0.055746894,0.057866871
4203225,0.14758864,0.15117706
4203227,0.095903873,0.10283903
4203228,0.19699591,0.2010204
4203229,0.12176985,0.12865362
4203230,0.23462196,0.24111971
4203231,0.26504865,0.2704421
4203311,0.29154295,0.31126976
4203312,0.092525527,0.099683888
4203313,0.063790187,0.068928666
4203314,0.35895765,0.3766169
4203411,0.44502625,0.46223384
4203412,0.31873155,0.34705761
4203413,0.27328691,0.30165282
4203414,0.33721268,0.37630984
4203415,0.42344931,0.44632822
4203501,0.31210852,0.35278055
4203502,0.36836684,0.43025851
4203503,0.47879025,0.52656156
4203504,0.50085133,0.53369236
4203601,0.31488127,0.35140264
4203602,0.62212849,0.64148819
4203603,0.47075763,0.55396551
4203702,-0.12049914,-0.10520428
4203800,0.63556641,0.64402735
4203900,0.37984145,0.44431633
4204011,0.42821026,0.48057094
4204012,0.479891,0.52451819
4400103,0.17347223,0.17750178
4400105,0.19622929,0.27195454
4400106,0.18338034,0.18713313
4400107,0.1693885,0.1821263
4400200,0.19916794,0.22347122
4400300,0.20914291,0.23688217
4400400,0.34544122,0.39228675
4500101,0.66957444,0.66957444
4500201,0.6531297,0.65324748
4500301,0.69591814,0.70051748
4500302,0.41748396,0.44417095
4500303,0.30568078,0.32195568
4500304,0.33796531,0.35182723
4500305,0.5159207,0.5324443
4500401,0.66592306,0.67551297
4500402,0.57047367,0.59487146
4500403,0.59879482,0.62266237
4500501,0.69201821,0.69848466
4500601,0.67522126,0.67725915
4500602,0.34728327,0.40396267
4500700,0.81247181,0.81592822
4500800,0.66550404,0.67263222
4500901,0.56938833,0.58460081
4501001,0.76600152,0.76821506
4501100,0.81101418,0.81103259
4501200,0.73505664,0.75100201
4501301,0.53143936,0.57023865
4501302,0.66562647,0.70314687
4501401,0.55175942,0.59557319
4501402,0.31943649,0.33580932
4501403,0.52825499,0.57597762
4501501,0.71482748,0.72624987
4501600,0.92856395,0.92856395
4501800,0.86393625,0.86404139
4501901,0.99820971,0.99820971
4502001,1.0891949,1.0891949
4502100,0.66256469,0.67892224
4502201,0.87659866,0.88680172
4502202,0.58379501,0.59814668
4502301,0.61194557,0.66992772
4502302,0.44579235,0.46839327
4502303,0.64513016,0.65927476
4502500,0.75346261,0.78754127
4600100,0.51644903,0.5921731
4600501,0.97369444,0.98239028
4600601,0.38833728,0.42529702
4700200,0.67211181,0.67211181
4700301,0.79611576,0.81248486
4700302,0.6926986,0.71379
4700401,0.70486581,0.71189874
4700501,0.51088268,0.533494
4700900,0.75843328,0.76312894
4701000,0.60913181,0.64411277
4701101,0.60607356,0.64068228
4701201,0.4497163,0.51592129
4701300,0.6803866,0.6803866
4701400,0.68864423,0.68864435
4701501,0.28045943,0.30554602
4701502,0.24402587,0.26386657
4701503,0.28487033,0.29853272
4701504,0.62845761,0.64205462
4701600,0.48612484,0.51546478
4701900,0.60068381,0.62820596
4702001,0.22959115,0.26096296
4702002,0.50898403,0.52479082
4702003,0.68901384,0.69190943
4702101,0.45906001,0.49139121
4702102,0.80109626,0.80245847
4702300,0.67215228,0.6721577
4702401,0.28327924,0.29914171
4702402,0.40572092,0.42679346
4702403,0.47246534,0.49587119
4702404,0.51514119,0.55669564
4702405,0.44922826,0.46645305
4702406,0.50060594,0.53295869
4702501,0.22671376,0.2335318
4702502,0.31365338,0.32149115
4702503,0.23314905,0.2543259
4702504,0.44763002,0.50354707
4702505,0.13626266,0.17039445
4702506,0.15680666,0.1807344
4702507,0.072843887,0.086777546
4702508,0.26679054,0.28472641
4702800,0.60622275,0.63212729
4703000,0.73476875,0.73932922
4703300,0.84769046,0.84776795
4703401,0.32385707,0.34454128
4703402,0.52357352,0.5391767
4703403,0.72071517,0.7233901
4703500,0.84251148,0.84357864
4800200,0.45349053,0.49198136
4800300,0.40669349,0.45766962
4800501,0.30624574,0.32109889
4800502,0.6269747,0.68680876
4800600,0.85378134,0.86304379
4800700,0.55114585,0.60938644
4800800,0.67283428,0.70755249
4800900,0.40345341,0.42575836
4801100,0.56142676,0.62445986
4801200,0.75891447,0.77698135
4801300,0.71727139,0.71727139
4801400,0.66515529,0.66856503
4801501,0.66153133,0.66508615
4801502,0.22643408,0.26190403
4801600,0.40915239,0.45372152
4801700,0.64745027,0.68995583
4801800,0.65323412,0.65323412
4801901,0.097788535,0.10043992
4801902,0.089479148,0.091508314
4801903,0.10510517,0.1062098
4801904,0.28038952,0.29779723
4801905,0.26490915,0.27861443
4801907,0.56840456,0.57372695
4801908,0.61797357,0.61946255
4801909,0.24776587,0.25460288
4802001,0.10369879,0.11237876
4802002,0.11913609,0.12417181
4802003,0.37272117,0.38858259
4802004,0.35052338,0.37237722
4802005,0.19946964,0.22553056
4802006,0.57815439,0.58124697
4802101,0.57150412,0.58476669
4802102,0.45224753,0.48285276
4802200,0.51306891,0.51306891
4802301,0.27269611,0.27857709
4802302,0.18372527,0.18536986
4802303,0.25123382,0.26569036
4802304,0.50783747,0.52097869
4802305,0.256695,0.26619619
4802306,0.25833645,0.26470336
4802307,0.11138161,0.113825
4802308,0.16126607,0.16403772
4802309,0.12686692,0.12955417
4802310,0.11671565,0.11989853
4802311,0.19690597,0.20399764
4802312,0.19965501,0.20564419
4802313,0.18493053,0.18800804
4802314,0.27104488,0.27528602
4802315,0.2110579,0.21677892
4802316,0.23589417,0.2395514
4802317,0.35881254,0.3735052
4802318,0.29517034,0.31352755
4802319,0.28645739,0.29425949
4802320,0.23976922,0.250218
4802321,0.13002016,0.13308847
4802322,0.17287086,0.17731038
4802400,0.43098295,0.45047095
4802501,0.23656856,0.24395968
4802502,0.13584381,0.15278758
4802503,0.13337475,0.13482237
4802504,0.21488091,0.22371759
4802505,0.25250825,0.26917738
4802506,0.36492598,0.38032398
4802507,0.1610148,0.16646782
4802508,0.14294454,0.1474411
4802509,0.10435659,0.11267886
4802510,0.13036913,0.14166231
4802511,0.14008208,0.15622695
4802512,0.10736092,0.11283503
4802513,0.048199985,0.051950146
4802514,0.074304819,0.095763534
4802515,0.12888509,0.14931859
4802516,0.31922111,0.33626559
4802600,0.96116954,0.97073799
4802700,0.57432097,0.61827785
4802900,0.47371352,0.53120613
4803000,0.2329013,0.31209522
4803100,0.60352111,0.65845889
4803305,0.30630594,0.3567864
4803306,0.31192127,0.38666341
4803307,0.91431129,0.91849715
4803308,0.21037765,0.24870275
4803309,0.39702535,0.4375973
4803310,0.1550006,0.16737875
4803400,0.69644946,0.72797763
4803501,0.45213795,0.49813402
4803502,0.44429228,0.57322592
4803600,0.64189535,0.64189565
4803801,0.37176195,0.40946725
4803802,0.74044353,0.76787835
4803900,0.59131581,0.59131575
4804100,0.84403026,0.84403026
4804200,0.63160372,0.66833866
4804301,0.39659783,0.40916526
4804302,0.22524707,0.26915628
4804400,0.59686482,0.59894431
4804501,0.39745051,0.43031147
4804502,0.45307031,0.46495712
4804503,0.21609013,0.22761707
4804504,0.48695031,0.50616485
4804601,0.18514714,0.18537211
4804602,0.20167604,0.20215571
4804603,0.18915942,0.18941781
4804604,0.20713362,0.20942941
4804605,0.15831299,0.15880586
4804606,0.20310424,0.20567062
4804607,0.34178692,0.35463086
4804608,0.20763198,0.20961019
4804609,0.19319873,0.19448982
4804610,0.215381,0.21788412
4804611,0.18799743,0.19021475
4804612,0.16765773,0.16801448
4804613,0.18534495,0.18631116
4804614,0.20703246,0.20850299
4804615,0.16541387,0.16588001
4804616,0.1692273,0.17016767
4804617,0.35774988,0.36213931
4804618,0.19478808,0.19688937
4804619,0.20276663,0.20649697
4804620,0.24053851,0.25416628
4804621,0.21893673,0.22599806
4804622,0.24568591,0.2505019
4804623,0.27894279,0.30438215
4804624,0.37723485,0.39915234
4804625,0.3904776,0.39581442
4804626,0.24303865,0.25233611
4804627,0.36815736,0.37978417
4804628,0.15931566,0.16092089
4804629,0.20231804,0.20562306
4804630,0.50271219,0.50798672
4804631,0.25118139,0.25820342
4804633,0.21563669,0.23269773
4804634,0.29726407,0.30318859
4804635,0.13924229,0.14231136
4804636,0.15652893,0.15830751
4804637,0.15447952,0.15557387
4804638,0.15776804,0.15869327
4804639,0.56170297,0.56805205
4804640,0.50321662,0.53295881
4804701,0.16529018,0.20110992
4804702,0.3544831,0.36466023
4804801,0.41477787,0.42493272
4804802,0.50394446,0.53365862
4804803,0.31186745,0.35584217
4804901,0.25984848,0.2668097
4804902,0.18216042,0.18850963
4804903,0.34593573,0.35661158
4804904,0.24135242,0.2539182
4804906,0.6407932,0.64298218
4804907,0.6508069,0.65489262
4805000,0.64484131,0.64573312
4805100,1.0267185,1.0267237
4805201,0.60648549,0.63993573
4805202,0.3271009,0.36346263
4805203,0.35258415,0.37443608
4805204,0.50726092,0.54533803
4805301,0.46119866,0.51956838
4805302,0.15239747,0.16284387
4805303,0.31437719,0.3438392
4805304,0.33759415,0.37973726
4805305,0.50870329,0.54717612
4805306,0.25180298,0.26792529
4805307,0.33668947,0.34911957
4805308,0.5607729,0.57530349
4805309,0.76187575,0.77817202
4805401,0.85852367,0.86024541
4805402,0.61506909,0.66723102
4805500,0.98488158,0.98488158
4805600,0.55594295,0.6165607
4805700,0.53974211,0.57857937
4805800,0.44799966,0.49944162
4805901,0.21856816,0.2216462
4805902,0.2165453,0.22393797
4805903,0.30865279,0.31921977
4805904,0.15977064,0.16301943
4805905,0.27679238,0.28799334
4805906,0.35998288,0.3705923
4805907,0.87814087,0.88140917
4805908,0.36299807,0.38618222
4805909,0.17566369,0.18517943
4805910,0.17620681,0.18939795
4805911,0.21878661,0.23288529
4805912,0.17579715,0.18473071
4805913,0.25046271,0.27378872
4805914,0.80034107,0.80410129
4805915,0.57019424,0.57712877
4805916,0.31252247,0.33488622
4806301,0.18091804,0.19114582
4806302,0.63499945,0.6757645
4806500,0.69978732,0.72086936
4806601,0.56274772,0.58507872
4806603,0.23103493,0.23948765
4806604,0.28873268,0.30796635
4806701,0.70514834,0.76704049
4806702,0.30494088,0.40092379
4806703,0.34849605,0.36749959
4806801,0.53479069,0.58015448
4806802,0.7701807,0.78672755
4806803,0.54532951,0.58657867
4806804,0.57004154,0.60202307
4806805,0.36571863,0.38039243
4806806,0.51914185,0.56309867
4806807,0.86377203,0.87157941
4807300,1.1360394,1.1360394
4807401,0.21109891,0.22141315
4807402,0.67663646,0.71329254
4807600,0.77018839,0.77018839
4905000,0.82126367,0.82126367
4911002,0.24293843,0.29547456
4911003,0.11898765,0.20079635
4911004,0.11673553,0.14707486
4913000,0.82126367,0.82126367
4935008,0.0627845,0.078001432
4935009,0.12022951,0.14431927
4935011,0.23305343,0.23602614
4935012,0.1818532,0.20207274
4935013,0.15124464,0.15973729
4935014,0.14694151,0.17759477
4935015,0.1501976,0.15957975
4935016,0.093838282,0.11148253
4935017,0.22237964,0.26039299
4949001,0.49444112,0.5638392
4949002,0.22210911,0.23400243
4949003,0.29449257,0.3379136
4949004,0.41118038,0.46150741
4957001,0.076858602,0.13371846
4957002,-0.0721872,-0.037988916
5000200,0.61597812,0.61597812
5000300,0.43167484,0.47634903
5101301,0.21638614,0.22969955
5101302,0.16930273,0.17274022
5101900,0.7652331,0.78370827
5104101,0.5342012,0.55375153
5104102,0.64051276,0.64757752
5104103,0.75073677,0.76021969
5105901,0.28249583,0.29951537
5105902,0.29943746,0.31093675
5105904,0.38256058,0.40534836
5105905,0.46549451,0.49257049
5105906,0.29275098,0.30164188
5105907,0.28780439,0.29961935
5105908,0.32097477,0.3341108
5106100,0.65091485,0.6533038
5106900,0.3246994,0.39000541
5107300,0.72503203,0.72747856
5108501,0.79711282,0.8104561
5108701,0.61057031,0.63151342
5108702,0.3780897,0.39808807
5109500,0.55701876,0.57085896
5110701,0.27380571,0.28547382
5110702,0.46369922,0.47192475
5110703,0.51264828,0.55109137
5110901,0.84222525,0.84742475
5112100,0.82396734,0.8239764
5114300,0.67539394,0.72478396
5114501,0.80806667,0.8157894
5114900,0.42441598,0.4804112
5115301,0.6799534,0.68372774
5115302,0.38820878,0.39766687
5115303,0.32053363,0.34997228
5116101,0.58784348,0.619798
5117100,0.39693576,0.45580181
5117700,0.55385202,0.56537682
5117900,0.41357404,0.44786158
5118500,0.90187126,0.90224671
5119100,0.51296926,0.54277498
5151000,0.16302487,0.16975468
5154001,0.44063511,0.48604405
5155001,0.40446129,0.41376758
5155002,0.66674238,0.68969047
5160001,0.3690545,0.37589279
5161001,0.41804951,0.43644643
5165000,0.36754921,0.37476951
5168000,0.59377968,0.6365912
5168701,0.25952435,0.27420926
5170000,0.31247985,0.32723203
5171001,0.36622486,0.37454307
5171002,0.33327463,0.33939937
5174001,0.42046866,0.4293066
5176001,0.37749925,0.40128991
5176002,0.38059217,0.399602
5177001,0.21127374,0.22257352
5180000,0.74423313,0.77805471
5181001,0.38864481,0.40444982
5181002,0.34903872,0.3540695
5181003,0.40873778,0.43800491
5320501,0.3205103,0.46592104
5320502,0.37725002,0.43062529
5320503,0.47288814,0.51518267
5320700,0.64353096,0.64354795
5321101,0.54250377,0.578825
5321102,0.28978461,0.31814939
5321103,0.14183539,0.14658053
5321104,0.19732544,0.20488167
5321500,0.38364121,0.42970169
5322700,0.76723933,0.76994848
5323301,0.15943843,0.16635188
5323302,0.49564436,0.51838773
5323303,0.16111046,0.16762279
5323304,0.17142382,0.17560869
5323305,0.30929625,0.33114225
5323306,0.42766654,0.45175081
5323307,0.19453143,0.21185961
5323308,0.12975182,0.15280187
5323309,0.1454621,0.15317428
5323310,0.15665144,0.16290015
5323311,0.12156584,0.12846607
5323312,0.12611559,0.12854007
5323313,0.1032007,0.10405237
5323314,0.1648263,0.16800515
5323315,0.15285471,0.15764369
5323316,0.10907475,0.11193781
5323317,0.10344382,0.1045051
5323318,0.10767914,0.11069129
5323501,0.47345191,0.49667603
5323502,0.30937117,0.35083875
5324100,0.64514875,0.64890945
5325301,0.015449294,0.019974379
5325302,-0.0082115382,-0.0047469032
5325303,0.21431002,0.2297899
5325304,0.41640258,0.4347254
5325305,0.1117864,0.11926775
5325306,0.12397543,0.13323371
5325307,0.072243929,0.078528434
5325308,0.43443733,0.45694908
5326101,0.32032087,0.35675982
5326102,0.37298048,0.40783659
5326103,0.25840986,0.27175453
5326104,0.093882762,0.10003806
5326105,0.16793467,0.17616174
5326106,0.037408192,0.044407092
5326301,0.79839277,0.84483743
5326302,0.33821034,0.38018659
5326303,0.28498948,0.31067359
5326304,0.24683671,0.26106563
5326500,0.95375067,0.9538331
5326701,0.70491219,0.71004963
5326702,0.35095003,0.37103829
5327301,0.83644927,0.85770053
5327302,0.45278987,0.51943892
5327500,0.51718396,0.60891116
5327701,0.63063943,0.6824826
5327702,0.39865401,0.43579122
5400100,0.49541748,0.54494333
5400200,0.46421441,0.51355582
5400400,0.44520539,0.49458668
5400500,0.70790362,0.71472681
5400700,0.81040239,0.81040239
5400800,0.41415238,0.4685519
5400900,0.48266798,0.54694223
5401200,0.58305752,0.63237327
5500100,0.65401798,0.72399867
5500400,0.42670077,0.48141265
5500501,0.28510147,0.29866907
5500502,0.47663555,0.52395594
5500600,0.72324955,0.72324955
5500700,0.48358178,0.54571879
5500800,0.68808842,0.72727877
5500900,0.26452801,0.32359198
5501200,0.72010636,0.76580852
5501300,0.82844746,0.82976156
5501400,0.53197384,0.58700997
5501500,0.60034508,0.61044329
5501700,0.3307997,0.37629569
5501800,0.6196683,0.6196683
5501900,0.76435256,0.77492779
5502000,0.81331408,0.81331408
5502101,0.21708363,0.22072493
5502102,0.26509124,0.28069013
5502103,0.39946803,0.43939883
5502104,0.55448127,0.5960021
5502105,0.652906,0.6765762
5502200,0.39027157,0.47169858
5502300,0.73137724,0.73137724
5502400,0.54404718,0.55694354
5502501,0.60684937,0.62583917
5502502,0.28466225,0.32464182
5502503,0.37715188,0.4018057
5502600,0.46465877,0.52426195
5502801,0.2053856,0.20967695
5502802,0.20482095,0.2130174
5502803,0.16843505,0.17085744
5502804,0.19162075,0.19365236
5502805,0.17259134,0.17646946
5502806,0.14937975,0.15087409
5502807,0.19236173,0.19697757
5502808,0.32583734,0.35125291
5502900,0.29117754,0.35858026
5503000,0.2166802,0.28196785
5600300,0.46420133,0.50592196
5600400,0.43731028,0.49083447
