puma_2020,AAL_2020,AAL_2050
100100,22.44356,23.88463
100200,3.217741,3.369685
100300,16.28207,17.04751
100401,13.77792,15.24252
100402,5.681491,6.285435
100403,1.938902,2.145007
100501,14.21471,15.25032
100600,13.7936,14.40609
100700,56.15905,68.15433
100800,21.12796,23.87572
100900,7.672084,8.995259
101000,3.395479,3.528625
101100,8.253267,10.39567
101201,10.98141,13.22743
101202,.6892514,.830224
101301,13.79868,15.84505
101401,12.0685,14.0847
101402,6.063195,7.07613
101403,2.630255,3.069673
101404,3.845332,4.487744
101501,4.068835,5.008391
101502,13.94191,16.95242
101600,6.748273,8.46941
101700,24.27619,33.30853
101801,1.500934,1.854898
101802,.952601,1.177252
101901,6.969172,8.548363
102000,8.263243,9.501214
102101,3.681018,4.20676
102201,4.485133,5.373247
102300,3.583936,4.099045
102400,2.607311,3.303239
102500,6.809008,7.67489
102600,8.227657,9.290721
102701,22.53801,32.45299
102702,10.6854,15.38615
102801,40.61765,71.50441
102802,5.039686,8.871999
102803,3.633178,6.395944
400101,.4415795,.4381279
400102,.2098168,.2081767
400103,.0985849,.0978143
400104,.1064338,.1056019
400105,.2080396,.2064135
400106,.117116,.1162006
400107,.2073911,.20577
400108,.139944,.1388501
400109,.1057851,.1049583
400110,.240232,.2383543
400111,6.561058,6.509774
400112,1.194762,1.185424
400113,.1679896,.1666766
400114,.1234919,.1225266
400115,.1114761,.1106048
400116,.0875706,.0868861
400117,.1267209,.1257304
400118,.18333,.1818971
400119,.1565832,.1553592
400120,.281256,.2790576
400121,.3306875,.3281027
400122,.0658532,.0653384
400123,.0803474,.0797193
400124,.1310526,.1300282
400125,.0817148,.0810761
400126,.1626224,.1613513
400127,.1441045,.1429782
400128,.1474192,.1462669
400129,1.291136,1.281044
400130,.2249587,.2232003
400131,.1941812,.1926634
400132,.7264499,.7207717
400133,.1991421,.1975856
400134,31.91184,31.66241
400135,.3314587,.3288679
400400,35.2346,36.11258
400500,40.56172,45.47805
400601,9.236394,9.566749
400602,4.831048,5.003839
400701,16.0979,15.79643
400803,3.466294,3.216859
400805,19.4417,18.04267
400807,10.43908,9.68788
400900,55.83163,55.31638
401000,16.18547,16.64671
401101,.0386711,.0418769
401901,4.871071,4.837384
401902,.2074389,.2060043
401903,.3852248,.3664115
401904,.2379544,.2363087
401905,.7364748,.7313815
401906,.0182386,.0181125
401907,.0148293,.0147268
401908,.0374515,.0371925
401909,.0458441,.0455271
402502,2.884523,3.038614
402503,13.32554,14.03739
500101,8.861634,9.231709
500102,.7889028,.8218484
500201,2.327805,3.050285
500202,.389452,.5103262
500300,19.45999,19.92836
500400,9.482988,9.61824
500500,7.936283,8.281593
500600,4.411791,4.921016
500700,1.799647,2.017091
500800,2.78739,3.021327
500900,3.066434,3.191985
501000,5.689788,5.877782
501100,4.742583,4.871217
501200,5.568384,5.681145
501300,60.85935,60.87895
501400,2.53064,2.621581
501501,32.21265,33.46664
501502,6.075186,6.311683
501600,11.05237,11.40041
501700,4.07357,3.937189
600101,2.186462,2.571357
600111,1.903543,2.238633
600112,4.186182,4.923098
600113,2.870028,3.375254
600114,4.911341,5.77591
600115,9.602046,11.29234
600116,6.478004,7.618361
600117,9.072188,10.66921
600118,5.590666,6.574821
600119,27.15605,31.93647
600120,47.03352,55.31307
600121,5.30864,6.243148
600122,4.940552,5.810264
600123,1.032966,1.214804
600300,21.83785,22.87979
600700,79.40278,86.07378
601100,64.11337,67.80813
601301,2.373111,2.560795
601305,18.09395,19.52497
601308,7.621671,8.224455
601309,18.86579,20.35785
601310,5.518111,5.954528
601311,8.851644,9.551703
601312,9.041946,9.757057
601313,9.233356,9.963606
601314,6.81649,7.355594
601500,24.49834,25.95022
601700,14.13737,14.83179
601901,44.1124,50.59181
601902,.8513291,.9763758
601903,.361041,.4140722
601904,1.173916,1.346346
601905,.6332561,.7262713
601906,.8496601,.9744616
601907,47.74306,54.75575
602300,13.61534,17.33914
602500,1.678032,1.762729
602903,.1640528,.1742486
602904,.1298329,.1379019
602905,8.506743,9.03543
602906,4.673389,4.963836
602907,.1288274,.1368339
602908,.1275275,.1354532
603100,2.121108,2.54036
603300,17.70687,18.71395
603703,5.522458,5.98843
603704,6.495926,7.044036
603705,1.459539,1.582692
603706,1.071691,1.162117
603707,.74206,.8046732
603708,1.499217,1.625717
603709,23.76963,25.77526
603710,1.528929,1.657936
603711,2.386882,2.588281
603712,.8700955,.943512
603713,.9551986,1.035796
603714,1.60003,1.735037
603715,.5874229,.6369882
603716,.7469507,.8099766
603717,1.083053,1.174438
603718,.7713388,.8364224
603719,1.181395,1.281078
603720,1.108345,1.201864
603721,.3992307,.4329168
603722,.5108125,.5539136
603723,.3997098,.4334363
603724,1.162522,1.260612
603725,1.02429,1.110717
603728,.3693255,.4004883
603730,.4462496,.4839031
603731,.5190667,.5628642
603732,.4016879,.4355813
603733,.1110528,.1204231
603734,.4623511,.5013632
603735,.748233,.811367
603736,.4462014,.4838507
603737,.5457274,.5917745
603738,.6152773,.6671929
603739,1.440908,1.562488
603740,.6657234,.7218955
603741,.5414904,.58718
603742,.4755563,.5156825
603743,.2769242,.3002903
603744,.597887,.6483352
603745,.216865,.2351636
603746,.2132604,.2312547
603747,.5625175,.6099814
603748,1.069314,1.15954
603750,.4349717,.4716736
603751,.3334776,.3616155
603752,.4886312,.5298607
603753,.4719401,.5117612
603754,.9024367,.978582
603757,.7215259,.7824065
603758,.5273353,.5718306
603759,.3249852,.3524066
603760,.6576263,.7131151
603761,.6938071,.7523488
603762,.8552166,.9273776
603763,.5238744,.5680776
603764,.804086,.8719327
603766,.4528395,.491049
603767,1.024593,1.111046
603768,6.234584,6.760643
603770,.3140542,.3405533
603771,1.959714,2.12507
603772,59.03193,64.01289
603773,1.785628,1.936295
603774,7.725481,8.377338
603775,1.220123,1.323074
603776,.298587,.323781
603778,.3537364,.3835838
603779,.7293199,.7908581
603780,.389374,.4222285
603781,.3903566,.4232939
603782,.424665,.4604972
603900,12.46073,14.07625
604103,16.02216,16.74697
604104,1.821109,1.903492
604701,21.56204,23.51711
604702,6.203558,6.766045
605301,1.20872,1.287053
605302,.4124534,.439183
605303,7.511647,7.972864
605500,10.36984,11.13176
605700,15.55316,16.52557
605906,2.228254,2.52932
605907,1.232175,1.398658
605908,1.441449,1.636208
605909,.5848927,.6639194
605912,.7769375,.8819119
605913,.6146969,.6977504
605914,1.22419,1.389594
605916,.5193269,.5894948
605917,.5564282,.6316089
605918,1.080024,1.225949
605919,1.240667,1.408297
605920,1.118415,1.269527
605921,5.488084,6.229596
605922,.9977842,1.132598
605923,.6620679,.7515219
605924,1.432992,1.626608
605925,2.426757,2.754644
605926,.9418538,1.069111
605927,6.280508,7.129086
605928,2.083203,2.364671
606101,1.201264,1.318857
606102,.6555081,.7196767
606103,11.24932,12.35053
606501,67.33676,71.09064
606502,10.72113,11.31881
606507,5.247228,5.539749
606509,2.618957,2.764958
606511,.528336,.5577896
606514,.9544451,1.007653
606515,9.912766,10.46538
606516,2.394946,2.528459
606517,.9063271,.9568529
606518,.8120368,.8573061
606519,.8636362,.911782
606520,.9237432,.9752398
606521,1.412067,1.490786
606522,.5678248,.5994798
606523,3.522867,3.719259
606524,1.869966,1.974213
606525,1.917446,2.024339
606701,1.504902,1.753552
606703,2.151461,2.50694
606704,2.026396,2.361211
606705,5.029563,5.860582
606706,2.947126,3.43407
606707,2.108258,2.456599
606709,1.840593,2.144709
606712,3.571167,4.16122
606713,2.218323,2.58485
606714,1.832278,2.13502
606715,1.86824,2.176923
606716,1.673995,1.950584
606717,50.80802,59.20287
607101,43.70335,44.52533
607102,.8084507,.823656
607103,.4732997,.4822015
607104,2.796307,2.848899
607105,.2303303,.2346624
607107,.0698779,.0711922
607108,.0852453,.0868486
607110,.0498901,.0508285
607111,.1013786,.1032854
607112,.0600866,.0612167
607115,.0695003,.0708075
607116,.1020911,.1040112
607117,.0559336,.0569856
607118,.1233242,.1256437
607119,.185285,.1887698
607301,.9770396,1.246005
607302,10.40004,13.26303
607306,.3960997,.5051405
607307,.9553706,1.218371
607308,.2546185,.3247115
607310,.1621185,.2067475
607311,.1502527,.1916152
607312,.1606121,.2048264
607313,.151523,.1932352
607314,.2268789,.2893356
607315,.1244469,.1587054
607316,.0651907,.0831369
607317,.0609544,.0777343
607322,.1779775,.2269723
607323,.1769556,.225669
607324,.1599792,.2040192
607325,.177591,.2264794
607326,.340997,.4348688
607327,.0648407,.0826904
607328,.838513,1.069344
607329,.221911,.283
607330,.0900075,.1147853
607507,.3415251,.3882435
607508,.3310528,.3763387
607509,.1352638,.1537669
607510,.1793366,.2038686
607511,.1947535,.2213944
607512,.2158693,.2453988
607513,.3343846,.3801262
607514,.1250297,.142133
607705,2.743144,2.908952
607706,2.823123,2.993765
607707,13.75125,14.58243
607708,57.28832,60.75107
607709,6.408514,6.795872
607901,4.581593,4.969179
607902,21.65918,23.49146
608101,4.93596,9.173146
608102,5.116974,9.509549
608103,3.690392,6.858343
608104,56.64659,105.2738
608105,6.296162,11.70099
608106,11.71194,21.76585
608301,.3139017,.3283167
608302,20.75911,21.71241
608303,3.065741,3.206527
608505,.9612832,1.478396
608506,27.94772,42.98191
608507,3.454746,5.313191
608508,.5152899,.7924849
608510,.6405621,.985146
608511,.4301551,.6615527
608512,1.294734,1.991222
608515,2.354785,3.621518
608516,.5687854,.8747578
608517,.6063548,.9325373
608518,.7072922,1.087773
608519,1.511737,2.32496
608520,1.103439,1.697023
608521,.4504778,.6928078
608522,.8609239,1.324049
608701,10.48042,10.96465
608702,1.022063,1.069286
608900,54.88756,62.78433
609501,1.425345,1.614997
609502,4.415562,5.003081
609503,11.20899,12.70042
609702,5.739471,6.183366
609704,48.4669,52.21535
609705,2.031919,2.189069
609706,11.54722,12.44029
609901,13.33996,15.20999
609902,.4917941,.5607353
609903,12.27328,13.99378
609904,.3636395,.4146156
610100,24.5344,26.73044
610701,1.155217,1.29135
610702,3.420068,3.823094
610703,36.38419,40.67176
611102,2.10847,2.315641
611103,.6898241,.7576037
611104,1.208008,1.326702
611107,34.84977,38.27398
611108,2.085918,2.290873
611109,4.810157,5.282786
611301,35.82817,40.91098
611302,7.187312,8.20695
800100,33.7399,33.93176
800200,16.15005,15.539
800301,7.444054,7.843148
800302,.3070433,.3235047
800303,.3524454,.3713409
800401,30.77879,31.86821
800501,2.468766,2.5625
800502,1.406781,1.460193
800601,2.298432,2.174118
800701,.6001022,.6254244
800702,.5470914,.5701767
800703,.6632611,.6912482
800801,.9788713,1.019008
800901,.6409466,.6499164
800902,.1296327,.1314469
801001,1.482354,1.480099
801002,.0199112,.0198809
801003,.4593127,.458614
801101,.2769089,.2857879
801201,.8580994,.8824793
801202,.3786577,.3894159
801301,.1632096,.1727617
801401,11.05894,11.60157
801501,.315102,.33356
801601,.1515323,.1616581
801602,.3917631,.4179419
801603,.297337,.317206
801701,.4869176,.5105571
801702,1.975722,2.071642
801703,.5444309,.5708627
801704,.3832489,.4018553
801705,.6062115,.6362752
801800,3.419371,3.588504
801900,5.65182,5.941563
802001,22.82212,22.55555
802002,2.549446,2.523045
802003,.6606165,.6537754
802004,.373867,.3699953
802005,.4947874,.4896636
802006,.7278007,.7202639
802101,12.50993,13.23636
802200,23.90954,24.43141
802301,1.98772,2.021962
802401,9.420641,9.485594
802501,.0785751,.0743901
920100,58.25073,65.44611
920201,2.955063,3.390674
920202,32.61544,37.42334
920203,10.03894,11.31866
920204,7.958176,9.119651
920205,15.10054,17.32654
920206,14.21555,16.31109
920207,31.50047,36.14401
920301,24.70428,26.11741
920401,10.56989,11.55555
920402,32.39149,35.35992
920500,32.59212,37.21273
920601,3.363095,4.091456
920602,16.08295,19.56611
920603,17.00158,20.68369
920604,29.19684,35.52015
920701,5.0516,6.145649
920702,27.34897,32.20978
920703,25.52755,31.48438
920801,1.800179,2.409825
920802,13.97365,18.70595
920901,9.578608,12.82248
920902,16.518,22.11197
920903,4.788758,6.410513
920904,25.98516,33.64028
1000101,1.655127,3.152503
1000102,.6195795,1.180106
1000103,1.0031,1.910594
1000104,1.009364,1.922523
1000105,5.009466,9.541472
1000200,9.700318,13.88706
1000301,35.82537,49.85025
1000302,73.03674,101.6291
1100101,4.913346,5.846998
1100102,3.78297,4.501823
1100103,3.070137,3.653536
1100104,4.390463,5.224755
1100105,1.150432,1.369041
1100106,3.774932,4.492259
1200101,3.011714,3.703656
1200102,36.43381,44.80448
1200398,10.02155,20.62477
1200500,30.79203,45.8982
1200798,28.50827,44.51621
1200901,51.37035,74.84275
1200902,56.06678,81.6851
1200903,82.76566,120.5834
1200904,37.14444,54.11667
1200905,41.01041,59.7491
1201101,11.30048,18.57437
1201102,6.002924,9.866887
1201103,7.737464,12.71792
1201104,8.839687,14.52962
1201105,6.130819,10.07711
1201106,14.22073,23.37434
1201107,4.341338,7.13577
1201108,8.27974,13.60925
1201109,12.52931,20.59418
1201110,11.77389,19.35251
1201111,9.418475,15.48096
1201112,11.08622,18.2222
1201113,6.950285,11.42405
1201114,4.737308,7.786618
1201115,304.2941,500.1621
1201116,9.523666,15.65386
1201117,18.99557,31.22263
1201398,28.33129,44.48392
1201500,521.0414,826.9102
1201700,75.14896,168.7128
1201901,20.90684,33.07114
1201902,2.466995,3.902375
1202101,6.611143,11.7397
1202102,6.775075,12.03081
1202103,165.2629,293.4648
1202799,6.174465,6.89253
1203101,17.04881,44.17883
1203102,2.532826,6.563349
1203103,2.982706,7.729129
1203104,1.812523,4.696818
1203105,2.340585,6.065192
1203106,4.144832,10.74056
1203107,2.929668,7.591691
1203301,4.889462,9.561316
1203302,.5237693,1.024228
1203303,1.282375,2.507678
1203500,15.86428,30.15211
1204798,7.914076,12.61025
1205199,5.198991,6.404777
1205300,17.32302,28.87408
1205701,5.808411,9.900801
1205702,6.341921,10.8102
1205703,15.91174,27.12255
1205704,11.0787,18.88435
1205705,18.43088,31.41659
1205706,40.39744,68.85997
1205707,9.460437,16.12591
1205708,20.85899,35.55545
1205709,51.74537,88.20322
1205710,5.878687,10.02059
1205711,9.823484,16.74475
1205998,2.624158,4.853501
1206100,15.27034,30.66291
1206901,.8684185,1.166931
1206902,.6415163,.8620327
1206903,.6770109,.9097283
1207101,55.04787,151.6696
1207102,14.48792,39.91758
1207103,88.56501,244.0171
1207104,30.58727,84.27501
1207105,91.27275,251.4775
1207106,42.2066,116.2889
1207301,2.738357,3.820949
1207302,.2234774,.3118278
1208101,60.12883,82.26156
1208102,7.258611,9.930422
1208103,53.16053,72.72831
1208301,10.83763,13.99674
1208302,1.047668,1.353057
1208303,2.183602,2.82011
1208500,11.47318,24.84727
1208601,15.0917,21.76326
1208602,9.123428,13.15661
1208603,5.70583,8.228197
1208604,6.697467,9.658206
1208605,6.681318,9.634918
1208606,10.93361,15.76702
1208607,4.117058,5.93708
1208608,35.40407,51.0551
1208609,5.605391,8.083358
1208610,17.58266,25.3554
1208611,4.915966,7.08916
1208612,4.747557,6.846303
1208613,4.034191,5.81758
1208614,5.783182,8.339746
1208615,4.143989,5.975916
1208616,14.15419,20.41131
1208617,8.143512,11.7435
1208618,9.77656,14.09847
1208619,7.876295,11.35816
1208620,9.315156,13.43309
1208621,18.83179,27.15673
1208622,27.35156,39.44282
1208623,20.72204,29.88261
1208624,10.39973,14.99712
1208625,907.5605,1232.185
1209101,4.504627,9.156776
1209102,.2265232,.4604649
1209501,1.482841,2.094694
1209502,.9681122,1.367577
1209503,1.541537,2.177609
1209504,.5155789,.7283182
1209505,.26957,.3808005
1209506,.2911339,.4112622
1209507,.3849886,.5438434
1209508,.3475147,.490907
1209509,2.364357,3.339943
1209510,2.119903,2.994622
1209701,.1559653,.2534195
1209702,1.321272,2.146863
1209703,.0935905,.15207
1209901,3.140944,5.392194
1209902,3.759798,6.454609
1209903,1.451593,2.492012
1209904,.9618955,1.651328
1209905,.9705615,1.666205
1209906,1.471006,2.52534
1209907,1.289579,2.213877
1209908,1.397028,2.398338
1209909,1.223442,2.100336
1209910,3.774587,6.479998
1209911,60.84645,104.4577
1210101,26.17877,74.59602
1210102,11.12004,31.68638
1210103,3.477566,9.909275
1210104,7.161264,20.40592
1210301,64.43143,173.9904
1210302,33.50058,90.46487
1210303,24.58259,66.38275
1210304,27.65439,74.67783
1210305,28.93305,78.13072
1210306,33.8117,91.30502
1210307,37.22528,100.523
1210308,26.88037,72.58766
1210501,.1976345,.2552825
1210502,.746586,.9643575
1210503,.5395966,.6969915
1210504,3.872196,5.001676
1210505,1.176825,1.520093
1210799,14.36597,27.48618
1210902,11.23286,21.97635
1210903,10.80245,21.13427
1211101,21.22282,36.21896
1211102,3.509024,5.988518
1211103,3.454766,5.89592
1211300,6.30172,8.729585
1211501,8.137118,12.93711
1211502,14.05011,22.33812
1211503,77.11244,122.6002
1211701,1.487704,2.125777
1211702,1.157403,1.653811
1211703,.8460662,1.208942
1211704,4.620547,6.60229
1211900,2.174404,3.130115
1212701,23.20327,41.86109
1212702,10.87798,19.625
1212703,8.102046,14.61692
1212704,23.73582,42.82185
1300100,13.25514,13.98481
1300200,5.0936,5.4385
1300300,28.66974,29.93216
1300400,25.0952,27.59157
1300500,4.060154,4.234534
1300601,.158792,.1877499
1300602,.1288448,.1523413
1300701,.501872,.6201271
1300702,.3246944,.4012015
1300801,9.9435,10.8295
1300802,3.801766,4.140515
1300900,20.09984,21.83818
1301000,15.58693,16.45466
1301100,1.089245,1.283198
1301200,4.532082,5.152841
1301301,2.091711,2.610005
1301302,2.07413,2.588067
1301303,1.771762,2.210777
1301304,2.771919,3.458758
1301305,2.007636,2.505097
1301401,2.806222,2.747789
1301402,1.847838,1.809361
1301403,1.282737,1.256027
1301404,1.393842,1.364818
1301405,.9875029,.9669404
1301406,1.892055,1.852657
1301407,1.803599,1.766043
1301408,5.721801,5.602657
1301501,1.545469,1.794714
1301502,1.812536,2.104853
1301503,1.53497,1.782522
1301504,1.061092,1.23222
1301505,2.183609,2.535771
1301506,2.847216,3.306402
1301601,1.55262,1.732477
1301602,2.180191,2.432745
1301603,2.518484,2.810227
1301604,1.227936,1.37018
1301605,1.02562,1.144428
1301606,.9454854,1.055011
1301607,1.822176,2.033258
1301700,1.999136,2.062968
1301800,3.767436,3.970148
1301900,2.09157,2.279533
1302000,2.305015,3.204442
1302100,3.716326,4.139531
1302201,1.096637,1.176237
1302202,1.86657,2.002056
1302301,1.102685,1.299098
1302302,1.269772,1.495948
1302400,.8984755,.9755062
1302500,1.482271,1.639429
1302600,1.171799,1.304928
1302700,13.19366,15.59733
1302800,4.02021,4.532188
1302900,5.285567,5.907805
1303000,5.889016,6.887205
1303100,2.083769,2.335948
1303200,2.006645,2.285973
1303301,.8097379,1.011369
1303302,4.881844,6.09746
1303400,5.017005,6.285459
1303500,7.68735,8.109494
1303600,5.012816,5.352058
1303700,7.767024,8.639068
1303800,7.658597,8.626176
1303900,11.72198,12.98905
1304000,9.721585,11.85773
1304100,3.629751,3.987418
1304200,7.104187,8.746629
1304300,.8902553,1.236563
1304400,6.496629,8.093357
1304500,5.020901,5.866171
1304600,6.244229,7.965166
1304701,26.00304,43.07309
1304702,63.02826,104.404
1304800,89.02385,154.1722
1600100,59.2153,66.40346
1600200,10.39221,11.64203
1600300,108.7398,116.1356
1600400,13.72285,18.01946
1600500,7.45866,8.580194
1600600,1.770762,2.17562
1600701,.8871438,1.106235
1600702,.86093,1.073547
1600800,15.94907,19.88789
1600900,4.511878,5.275118
1601000,21.25504,25.10415
1601100,22.87302,26.17647
1601200,12.64168,14.55781
1601300,16.79072,20.07086
1700100,8.454849,8.491838
1700701,11.55626,11.73577
1701901,7.155279,7.634217
1701902,18.20978,19.12154
1702900,15.73852,17.11354
1703101,30.46166,31.14846
1703102,16.12249,16.48599
1703103,11.24316,11.49665
1703104,14.21009,14.53048
1703105,12.97829,13.2709
1703106,21.55528,22.04128
1703107,8.68332,8.879098
1703108,14.7736,15.10669
1703109,10.15285,10.38176
1703110,9.053739,9.257869
1703111,8.299403,8.486526
1703112,4.140053,4.233397
1703113,21.01388,21.48767
1703114,15.66336,16.01651
1703115,34.72388,35.50678
1703116,20.64183,21.10723
1703117,20.07921,20.53193
1703118,35.25321,36.04804
1703151,10.14297,10.37166
1703152,3.44534,3.52302
1703153,2.503071,2.559506
1703154,2.670377,2.730584
1703155,3.742376,3.826754
1703156,4.236223,4.331735
1703157,4.106221,4.198802
1703158,5.751528,5.881205
1703159,4.332335,4.430014
1703160,2.581112,2.639307
1703161,4.669625,4.774908
1703162,5.203954,5.321284
1703163,4.037189,4.128214
1703164,7.529386,7.699146
1703165,5.635337,5.762394
1703166,6.645751,6.795589
1703167,8.733605,8.930517
1703168,10.77826,11.02127
1703700,17.15625,17.76677
1704301,9.873706,10.20937
1704302,6.023817,6.228599
1704303,4.709938,4.870054
1704304,4.663438,4.821973
1704305,7.693218,7.954751
1704306,4.755623,4.917292
1704307,6.736579,6.965592
1704900,5.021003,5.230517
1707300,5.234374,5.587942
1708901,32.24143,33.10376
1708902,4.911958,5.043334
1708903,5.765289,5.919488
1708904,3.100706,3.183638
1709100,43.15257,43.8807
1709300,10.96026,10.70815
1709500,5.761937,5.832575
1709701,1.596026,1.661235
1709702,1.08383,1.128113
1709703,1.185395,1.233828
1709704,1.665409,1.733454
1709705,.9938272,1.034433
1709900,14.2914,14.64167
1711101,3.348533,3.427226
1711102,1.034785,1.059103
1711300,2.291916,2.236099
1711500,5.823605,6.423186
1711700,14.28782,13.97926
1711901,.8528187,.9766625
1711902,1.524409,1.745779
1712100,6.747503,6.885019
1713500,3.523962,3.627677
1714300,1.839205,1.844283
1716100,30.74898,31.62465
1716301,2.402341,2.546603
1716302,10.9253,11.65055
1716500,12.49037,13.01672
1716700,2.348943,2.480575
1717900,1.942115,1.888327
1719500,12.26164,12.65167
1719701,2.358746,2.534202
1719702,2.332887,2.50642
1719703,2.321616,2.49431
1719704,3.063377,3.291247
1719705,17.5093,18.81174
1719900,6.293022,6.546385
1720101,24.3189,24.55265
1800101,.3631568,.3667933
1800102,.6992007,.7062022
1800103,.7279124,.7352014
1800104,2.784574,2.812457
1800200,1.354521,1.502863
1800300,1.443873,1.811081
1800401,3.135904,3.165551
1800402,24.47119,24.70254
1800501,5.61156,5.73587
1800502,22.30024,22.79425
1800600,1.823208,1.878307
1800700,3.09421,3.164363
1800800,1.324662,1.622493
1800900,3.607568,3.759513
1801001,1.943586,1.991508
1801002,2.189015,2.242988
1801003,16.86374,17.27954
1801100,38.10147,37.93342
1801200,3.214232,3.308874
1801300,26.72078,27.10148
1801400,10.12878,10.40867
1801500,2.093219,2.321752
1801600,2.421954,2.615766
1801700,3.538309,3.641028
1801801,6.111583,6.499897
1801901,.5299265,.5569403
1801902,1.374812,1.444895
1802000,4.208668,4.213007
1802100,4.281217,4.605815
1802200,4.442077,4.602608
1802300,1.210003,1.253008
1802401,5.556135,5.693795
1802402,4.697047,4.813422
1802403,5.313003,5.444639
1802404,6.441346,6.600938
1802405,4.682013,4.798015
1802406,9.91344,10.15906
1802407,7.511153,7.697251
1802500,.4983606,.5405043
1802600,2.020946,2.04856
1802700,1.454593,1.446221
1802800,3.847906,4.00067
1802900,.9330249,1.064904
1803000,5.12672,5.375523
1803100,8.803068,9.29419
1803200,11.64918,12.51743
1803300,1.173768,1.395702
1803400,3.089174,3.337924
1803500,5.078179,5.407359
1803600,15.2606,15.55104
1803700,3.185265,3.404735
1900100,1.01449,.9851362
1900200,7.593641,7.645837
1900301,2.794246,2.897561
1900302,.2924404,.3032531
1900400,12.21508,12.56912
1900500,22.347,22.57564
1900600,5.603163,5.615341
1900700,12.37415,12.765
1900800,10.56728,10.84869
1900900,31.30749,32.10052
1901100,2.575971,2.503638
1901200,2.092776,2.080016
1901300,2.492266,2.537298
1901400,1.00756,1.001927
1901501,1.441159,1.461544
1901502,3.247713,3.29365
1901503,.5856899,.5939742
1901600,1.285648,1.282027
1901800,1.963222,1.973372
1901900,5.958138,5.84211
1902000,5.353305,5.222537
1902100,6.852506,7.141702
1902200,15.29769,15.50705
1902300,5.212203,5.7408
2000100,2.274699,2.163898
2000200,2.839181,2.825606
2000300,.9591736,.9932875
2000400,13.01499,13.92186
2000501,.682726,.7835332
2000601,5.554836,6.18396
2000700,1.716058,1.663786
2000801,1.686555,1.710082
2000802,.5207558,.5280203
2000803,1.257305,1.274845
2000804,2.203869,2.234612
2000900,2.284515,2.321784
2001000,4.780446,4.781002
2001101,7.723485,7.669977
2001201,2.965258,3.134199
2001301,1.739081,1.830075
2001401,.0826864,.0887981
2001501,1.816148,1.937849
2001600,2.429955,2.412027
2001701,4.495106,4.532729
2001800,2.323894,2.360228
2100100,9.706007,10.31535
2100200,4.76788,4.965465
2100300,12.75648,13.58821
2100400,26.29166,28.37496
2100500,17.76925,18.03744
2100600,13.83665,14.11823
2100700,4.625216,5.061953
2100800,19.21435,22.36891
2100900,75.83332,78.87934
2101000,103.106,108.7777
2101100,234.444,243.9973
2101200,9.802365,10.04271
2101300,1.333298,1.355974
2101400,5.229497,5.464204
2101500,1.595476,1.787374
2101600,2.323894,2.421191
2101701,1.010818,1.049452
2101702,.909453,.9442129
2101703,1.881466,1.953376
2101704,2.875562,2.985468
2101705,1.505291,1.562824
2101706,2.796738,2.903631
2101800,5.695857,5.921384
2101901,.3837063,.4320714
2101902,2.671772,3.008542
2101903,.8782697,.9889732
2102000,10.42434,11.16714
2102100,9.710474,10.33915
2102200,8.245239,8.901261
2102300,17.82869,18.25019
2102400,5.20292,6.132312
2102500,7.093498,7.691245
2102600,38.61115,40.06481
2102700,22.34016,23.60952
2102800,78.09616,82.28843
2200101,5.052668,6.167265
2200102,2.846505,3.474432
2200200,10.34754,12.23944
2200300,5.942421,6.41339
2200400,1.860556,2.092092
2200500,6.701788,7.27153
2200600,19.65055,22.264
2200700,48.07176,70.97713
2200801,53.24944,142.2675
2200901,60.47793,117.1804
2201000,6.69129,7.631287
2201100,46.96977,64.29154
2201201,5.450082,6.157741
2201202,2.926834,3.306865
2201300,23.99274,57.95599
2201400,2.328167,3.095732
2201501,3.135278,3.835607
2201502,.5996951,.7336493
2201503,.6779844,.8294261
2201504,.7805147,.9548586
2201600,19.63695,26.53057
2201700,31.95654,46.99272
2201800,15.32598,20.54364
2201900,46.46628,136.7734
2202000,41.28145,141.7301
2202100,138.1891,510.7309
2202201,44.36706,151.6401
2202202,27.45483,93.83659
2202301,11.34326,29.29374
2202302,9.460631,24.43188
2202303,29.1882,75.37791
2202401,98.59207,238.2715
2202402,11.21355,27.10025
2202403,21.73874,52.53691
2202501,140.5904,341.9418
2300100,37.85388,42.67234
2300200,36.02404,39.87832
2300300,14.30653,15.94757
2300400,23.00176,25.67543
2300500,5.603565,6.523901
2300600,51.46425,56.2216
2300700,6.015692,7.227476
2300800,11.95899,16.30159
2300900,3.91554,4.754616
2301000,.7866371,.9155217
2400101,35.44357,39.04111
2400201,6.190028,6.343799
2400301,1.664805,1.739891
2400302,9.961206,10.41048
2400400,4.372221,4.623866
2400501,12.12318,14.6591
2400502,1.368546,1.654817
2400503,1.132417,1.369295
2400504,.702701,.8496917
2400505,1.386314,1.676302
2400506,1.658838,2.005833
2400507,1.09503,1.324088
2400601,2.09803,2.25819
2400602,.7923418,.8528278
2400700,3.256871,3.834846
2400801,5.152572,5.896835
2400802,3.416038,3.909467
2400803,4.051732,4.636984
2400804,3.826784,4.379544
2400805,5.742706,6.572211
2400901,1.438065,1.536415
2400902,.2514166,.2686112
2400903,.3429755,.3664319
2401001,1.121221,1.503533
2401002,.1661396,.2227895
2401003,.141798,.190148
2401004,.1893127,.2538642
2401005,.0956339,.128243
2401006,.1739877,.2333136
2401007,.0528301,.070844
2401008,.0892478,.1196793
2401101,.3012155,.3335544
2401102,1.203201,1.332379
2401103,.3648633,.4040356
2401104,.4866389,.5388851
2401105,2.1686,2.401424
2401106,3.914567,4.334841
2401107,.5775867,.6395973
2401201,2.659888,3.997417
2401202,1.206785,1.813619
2401203,2.166513,3.255948
2401204,2.39654,3.601645
2401205,5.352947,8.044686
2401300,13.90658,22.04679
2401400,29.21053,60.80221
2401501,6.331564,10.03069
2401601,2.087986,4.33403
2401700,5.05509,9.660924
2500100,71.91249,70.9964
2500201,43.2929,47.3512
2500301,6.773081,7.260738
2500401,51.29899,59.99119
2500402,4.945376,5.783331
2500403,38.55863,45.09208
2500501,17.95285,19.82106
2500502,5.067142,5.594438
2500503,5.376322,5.935792
2500504,.6221104,.6868483
2500505,.5896751,.6510379
2500506,9.844162,10.86856
2500507,10.32123,11.39528
2500601,38.01241,44.08448
2500602,2.415267,2.80108
2500603,11.45089,13.28005
2500604,24.84966,28.81913
2500605,8.079432,9.370033
2500606,17.92313,20.78616
2500607,16.31595,18.92225
2500608,9.281066,10.76362
2500609,2.28452,2.649448
2500610,1.289065,1.49498
2500611,1.179764,1.368219
2500612,2.382334,2.762886
2500613,5.30603,6.153612
2500701,29.58692,35.13977
2500702,19.95498,23.70012
2500703,90.82432,107.8702
2500704,76.30116,90.62132
2500705,6.378551,7.575673
2500706,37.27923,44.27578
2500801,3.326993,6.495361
2500802,5.347457,10.43996
2500803,4.948157,9.660394
2500804,3.718499,7.259706
2500805,9.607903,18.75772
2500806,6.153876,12.01435
2500901,4.819705,6.210897
2500902,1.680064,2.165009
2500903,.9150988,1.179239
2500904,2.88665,3.719873
2500905,4.514865,5.818066
2500906,7.485628,9.64633
2501001,5.949718,7.0427
2501002,8.173221,9.674668
2501003,4.432467,5.246726
2501004,6.410394,7.588004
2501101,.5765792,.878737
2501102,4.332493,6.602947
2501103,4.08591,6.227142
2501104,9.548571,14.55252
2501201,6.00095,10.05546
2501301,6.918554,12.67769
2600100,9.889668,10.17174
2600200,16.56685,16.87036
2600300,40.09754,40.83307
2600400,24.12268,24.67622
2600500,25.68611,27.17093
2600600,7.904555,8.083061
2600700,1.762827,1.95538
2600801,4.675073,4.684508
2600802,6.267043,6.279692
2600900,15.40996,16.00278
2601001,5.981962,6.131765
2601002,2.813205,2.883654
2601003,18.33613,18.79531
2601004,27.15358,27.83357
2601100,25.64795,26.02429
2601200,6.979589,7.224453
2601300,10.40586,10.73324
2601400,20.96139,20.88929
2601500,2.793783,2.869451
2601600,4.847472,4.918446
2601701,5.521703,5.660081
2601702,3.329797,3.401469
2601703,1.8191,1.858255
2601704,11.10037,11.37184
2601801,13.06882,13.32615
2601802,.9237292,.9419175
2601900,9.731149,9.835391
2602000,17.86835,18.62283
2602101,12.0716,12.43271
2602102,1.396435,1.438209
2602200,11.59724,11.78795
2602300,3.431865,3.805572
2602400,22.09442,23.38781
2602500,4.653013,4.748318
2602600,5.279261,5.75356
2602701,3.525906,3.692216
2602702,.1842794,.1929715
2602703,.6969798,.7298551
2602800,2.081235,2.132784
2602901,2.263586,2.284216
2602902,1.702077,1.717589
2602903,.5400441,.5449662
2602904,.587845,.5932027
2602905,.5794157,.5846965
2602906,.6320224,.6377828
2602907,.4988797,.5034266
2602908,.2986124,.301334
2603001,4.277751,4.353535
2603002,1.209715,1.231146
2603003,.6056336,.6163628
2603004,.8499081,.8649648
2603005,.443638,.4514973
2603006,.5968515,.6074251
2603100,7.17358,7.094366
2603201,6.833495,7.10751
2603202,2.949533,3.067806
2603203,2.281508,2.372994
2603204,2.412708,2.509454
2603205,8.308372,8.641528
2603206,4.382842,4.558589
2603207,1.661165,1.727776
2603208,1.954517,2.032891
2603209,1.263806,1.314483
2603210,1.665408,1.732189
2603211,1.861803,1.936459
2603212,1.582256,1.645703
2603213,1.464979,1.523723
2603300,6.031332,6.70196
2700101,7.015873,7.159751
2700201,5.575225,5.918755
2700301,14.57191,14.77739
2700401,.2388588,.2406035
2700501,5.784016,5.969519
2700600,14.62477,14.88193
2700700,5.65879,5.569921
2700800,6.719878,6.707266
2700901,19.18454,20.01048
2701001,1.737988,1.791255
2701101,6.203496,6.338242
2701200,5.915154,6.029042
2701301,25.55762,25.94798
2701302,3.678342,3.734525
2701303,5.637209,5.723312
2701401,9.270399,9.7125
2701402,4.860173,5.091952
2701501,4.489636,4.751122
2701502,2.614058,2.766307
2701503,.9968492,1.054908
2701504,1.219926,1.290978
2701505,1.282058,1.356728
2701601,19.11454,19.49737
2701602,3.635125,3.707931
2701603,3.320151,3.386648
2701604,2.334922,2.381686
2701605,4.502924,4.593111
2701606,2.19306,2.236983
2701607,3.767315,3.842768
2701608,1.441211,1.470076
2701609,.8431042,.8599902
2701610,1.387195,1.414979
2701611,.529887,.5404998
2701701,.81323,.8145861
2701702,2.870094,2.87488
2701703,.7287329,.729948
2701704,5.192341,5.200999
2701800,1.776648,1.817477
2701900,2.713646,3.404655
2702001,9.704631,9.951217
2702100,2.807526,2.884603
2702200,2.442001,2.365242
2702300,2.739275,3.44094
2702400,4.64308,4.707664
2702500,6.427515,6.617977
2702600,20.83838,21.23598
2702700,5.770634,5.846214
2702800,9.733484,9.776938
2800100,2.159959,2.473084
2800200,16.68192,17.65812
2800300,6.013015,6.401257
2800400,10.65199,11.49194
2800500,3.687871,4.670105
2800600,16.85613,18.29139
2800700,13.25379,13.74847
2800800,7.809233,8.388181
2800900,1.569642,1.923279
2801001,8.621783,10.04351
2801101,.8017902,.9363546
2801300,5.580406,7.288327
2801400,2.248789,2.624724
2801500,2.729976,3.50077
2801600,15.5192,17.48384
2801700,2.239512,2.612836
2801800,4.937128,5.942625
2801900,47.38727,62.04597
2802001,13.82583,27.91667
2802002,10.71064,21.62658
2802100,26.48943,42.1811
2900100,3.23938,3.14875
2900200,7.872288,7.902071
2900300,5.904577,6.24082
2900400,5.339476,5.591166
2900501,9.725909,9.89596
2900601,.7575448,.753475
2900700,2.161348,2.286257
2900800,2.970579,3.007357
2900901,4.020102,4.160996
2900902,.7578353,.7843955
2901000,.5523015,.5688168
2901101,1.342697,1.382514
2901102,1.455647,1.498813
2901103,6.959529,7.165911
2901104,2.112526,2.175172
2901105,1.761946,1.814196
2901200,2.929848,2.899934
2901300,4.802075,5.016746
2901400,12.42342,13.56156
2901500,38.01843,38.6011
2901600,8.566223,8.812964
2901700,15.01269,15.28305
2901801,3.838965,4.044844
2901802,2.177514,2.294291
2901803,3.770802,3.973026
2901901,2.249802,2.421649
2901902,2.408389,2.592349
2901903,1.80641,1.944389
2901904,2.482505,2.672126
2901905,1.173629,1.263275
2901906,4.181108,4.500474
2901907,1.479704,1.592728
2901908,1.94342,2.091864
2902001,5.848292,6.214188
2902002,4.92988,5.238315
2902101,.8586998,.91564
2902102,4.189243,4.467031
2902200,4.615793,5.041923
2902300,9.263322,9.566561
2902400,6.996699,7.41053
2902500,29.67047,30.51118
2902600,9.7313,9.672306
2902701,4.134863,4.304698
2902702,.2820569,.2920537
2902703,.3992676,.4134187
2902800,39.65987,39.72464
2902900,7.178567,7.111218
3000100,30.64005,34.16544
3000200,46.84503,52.85149
3000300,23.31615,25.98121
3000400,14.98275,17.19954
3000500,39.82895,43.5849
3000600,38.88966,43.46923
3000700,17.19509,17.99555
3000800,.0770987,.0869871
3100100,5.581101,5.879179
3100200,19.70482,20.0751
3100300,2.692186,2.724424
3100400,2.848195,2.712148
3100500,7.452951,7.383395
3100600,4.233262,4.402327
3100701,11.14214,11.4452
3100702,3.291725,3.331151
3100801,1.712738,1.723805
3100802,1.866328,1.878388
3100901,2.11574,2.283531
3100902,1.039525,1.121965
3100903,.5816112,.6277364
3100904,.3171359,.3422867
3200101,16.26413,16.07461
3200102,.1470594,.1453458
3200103,1.227022,1.212724
3200200,9.317924,9.936903
3200300,11.65798,11.87532
3200401,3.179133,3.38868
3200402,2.887731,3.07807
3200403,.0746729,.0795949
3200404,.0479934,.0511568
3200405,1.494274,1.592766
3200406,.0294064,.0313447
3200407,.0259711,.0276829
3200408,.0319614,.0340681
3200409,.0486232,.0518281
3200410,.0340866,.0363333
3200411,.0928396,.098959
3200412,.052102,.0555362
3200413,.0357782,.0381365
3200414,.0703692,.0750075
3200415,3.44235,3.669246
3300100,58.22977,65.19522
3300201,65.78564,71.63193
3300301,5.073334,5.772509
3300401,40.57832,46.58358
3300501,67.19263,71.67083
3300601,5.812629,6.169368
3300602,30.22726,32.0824
3300603,27.36356,29.04295
3300701,34.90741,38.56319
3300801,5.844995,8.259171
3400101,14.51295,26.57959
3400102,37.80312,69.23413
3400301,2.086923,2.480045
3400302,4.331267,5.147165
3400303,1.737637,2.064962
3400304,2.383687,2.832712
3400305,7.872009,9.354892
3400306,9.971037,11.84932
3400307,3.435417,4.082561
3400308,5.852533,6.954999
3400501,2.176401,2.311304
3400502,5.493188,5.83368
3400503,1.628622,1.729571
3400504,27.80699,29.53058
3400601,1.322072,2.591677
3400602,1.719991,3.371722
3400603,.6814753,1.335905
3400604,2.658377,5.211253
3400605,3.448524,6.76019
3400800,36.57721,42.52373
3400901,2.362923,2.789296
3400902,2.341867,2.764442
3400903,.9546604,1.126922
3400904,.8924334,1.053467
3400905,.650042,.7673377
3400906,.8987076,1.060873
3400907,.634909,.749474
3401001,2.033633,2.348969
3401002,1.29898,1.5004
3401003,.5867182,.6776948
3401101,1.982388,3.566878
3401102,5.234761,9.418822
3401103,1.246108,2.242102
3401104,1.460275,2.627449
3401105,1.657511,2.982333
3401106,4.071017,7.324915
3401201,105.3006,161.8008
3401202,36.12808,55.51298
3401203,9.918712,15.2407
3401204,88.42471,135.8699
3401205,13.12496,20.1673
3401401,1.164809,1.428725
3401402,.9246879,1.134198
3401403,3.436183,4.214734
3401404,3.815059,4.679453
3401405,.589091,.7225639
3401406,1.534503,1.882182
3401407,.8122144,.9962413
3401501,6.617272,7.171649
3401502,8.625076,9.347662
3401503,3.497078,3.790054
3401504,4.208763,4.561362
3401600,2.787612,3.192452
3401700,16.83858,18.6769
3401901,1.284491,1.402372
3401902,2.591867,2.82973
3401903,1.947736,2.126485
3401904,1.886672,2.059817
3401905,1.047732,1.143885
3402001,3.280261,4.212401
3402002,4.925711,6.325433
3402003,28.02848,35.99324
3402101,1.120991,1.768279
3402102,.9421831,1.486223
3402103,5.966578,9.411828
3402104,1.774306,2.798834
3402201,1.729205,3.27905
3402202,7.146807,13.55232
3402301,3.684244,4.080688
3402302,19.73673,21.8605
3402303,12.06638,13.36478
3402401,4.590775,6.78475
3402501,4.300245,10.93387
3402601,113.8977,186.2836
3500100,3.150408,3.470096
3500200,1.361261,1.289272
3500300,17.59876,17.85609
3500400,11.70597,11.62564
3500500,.4830571,.4958298
3500600,2.620324,2.845017
3500701,2.523361,2.533026
3500702,.2268785,.2277475
3500703,.2669684,.267991
3500704,.128252,.1287433
3500705,.677361,.6799554
3500706,.3653785,.366778
3500800,4.28319,4.284075
3500900,20.63117,20.35206
3501001,5.437544,5.071375
3501002,.1575768,.1469655
3501100,20.52816,21.51052
3600100,23.06686,25.56431
3600200,23.496,24.90237
3600300,25.41184,28.99139
3600401,34.57795,37.90144
3600402,4.549083,4.802659
3600403,15.94362,17.12374
3600500,23.61442,25.69239
3600600,4.569071,5.172148
3600701,.9874216,1.091574
3600702,7.654552,8.461949
3600703,7.881076,8.712367
3600704,30.55444,32.75101
3600800,7.167611,7.81738
3600901,4.778639,5.333977
3600902,.7456329,.8322849
3600903,1.166296,1.301834
3600904,3.402863,3.798319
3600905,15.5713,17.38088
3600906,9.589532,10.70396
3601000,15.85416,17.23612
3601101,1.463239,1.614163
3601102,11.0146,12.15069
3601201,4.387105,4.873971
3601202,4.61553,5.127744
3601203,20.76215,23.06625
3601204,4.953989,5.503764
3601205,2.362397,2.624567
3601206,1.171815,1.301859
3601207,51.87904,57.63638
3601300,13.79065,14.51313
3601500,30.68359,31.16492
3601600,36.54231,39.51011
3601700,22.37704,25.73014
3601801,4.258712,4.841505
3601802,21.55497,24.50471
3601900,29.63153,33.97143
3602001,2.78782,3.036016
3602002,57.99918,63.16278
3602100,28.77239,29.77054
3602201,6.468313,7.146523
3602204,121.3504,131.7374
3602300,23.11176,25.96432
3602403,23.56887,24.80678
3602404,49.00917,51.74802
3602500,67.35124,69.00979
3602600,20.97155,21.83039
3602701,33.87017,36.68978
3602702,10.43081,11.90882
3602803,22.69376,23.81462
3602804,3.739962,3.924682
3602805,11.00614,11.53778
3602901,4.069156,4.567952
3602902,8.569604,9.620064
3602903,7.136928,8.011771
3603001,1.925532,2.494302
3603002,1.31992,1.709803
3603003,1.193571,1.546132
3603102,11.08701,12.47824
3603103,30.85063,34.72185
3603110,5.046269,5.679489
3603111,4.804644,5.407544
3603112,2.376266,2.674446
3603113,1.493421,1.680819
3603114,2.375199,2.673246
3603201,1.632508,6.06079
3603202,2.856069,10.60334
3603203,.9650642,3.582863
3603204,.637978,2.368534
3603205,.6016633,2.233713
3603206,.6683363,2.481241
3603207,.7109879,2.639588
3603208,.8742999,3.245894
3603209,.7282128,2.703537
3603210,1.193429,4.430682
3603211,.5332225,1.979623
3603212,.7150556,2.65469
3603301,1.296546,2.23821
3603302,1.410405,2.434764
3603303,1.555349,2.684977
3603304,1.88866,3.260368
3603305,10.18258,17.57805
3603306,3.494472,6.03246
3603307,1.281703,2.212586
3603308,.8328884,1.437804
3603309,1.266122,2.185689
3603310,.7459958,1.287803
3603311,.9800494,1.691846
3603312,.7426261,1.281985
3603313,.7641749,1.319185
3604103,3.55765,5.59089
3604104,3.66316,5.756701
3604107,7.030097,11.04788
3604108,4.191061,6.586304
3604109,3.233576,5.081604
3604110,2.89376,4.547579
3604111,5.016629,7.883693
3604112,6.179278,9.710811
3604121,6.209502,9.758307
3604165,6.261252,9.839634
3604204,2.368381,3.060438
3604205,1.627572,2.103159
3604207,1.908157,2.465734
3604208,6.058268,7.828535
3604209,4.571708,5.907592
3604210,11.01214,14.22997
3604211,4.172186,5.391327
3604212,6.122379,7.91138
3604221,5.635068,7.281673
3604263,5.081882,6.566843
3604301,7.167668,10.23617
3604302,4.046805,5.779254
3604303,4.1563,5.935623
3604304,3.01232,4.301902
3604305,8.899881,12.70994
3604306,6.071587,8.67085
3604307,5.604876,8.004338
3604308,2.49643,3.565159
3604309,2.344555,3.348266
3604310,5.816482,8.306534
3604311,5.479217,7.824884
3604312,5.372715,7.672789
3604313,4.856678,6.935834
3604314,4.207939,6.009369
3604315,6.673539,9.530499
3604316,2.807739,4.00974
3604317,4.879295,6.968135
3604318,19.30026,27.56275
3604401,8.341469,10.75745
3604402,5.969029,7.697867
3604403,3.673699,4.73773
3604404,5.419074,6.988625
3604405,9.864172,12.72118
3604406,3.497689,4.510741
3604407,14.76697,19.04399
3604408,9.061728,11.68632
3604409,5.921107,7.636065
3604410,7.669102,9.890339
3604411,11.64008,15.01145
3604412,11.90576,15.35409
3604413,15.80882,20.3876
3604414,23.16271,29.87143
3604501,.4874488,1.143567
3604502,.7943919,1.863663
3604503,.7908075,1.855254
3700100,93.6869,96.81968
3700200,11.71347,13.08124
3700300,3.213562,3.713458
3700400,.410506,.4595629
3700500,.3335878,.3499089
3700600,1.890825,2.175788
3700700,16.77966,52.85554
3700800,70.50053,143.2939
3700900,1.57364,1.736182
3701001,.9964424,1.477247
3701101,.2564202,.2967607
3701201,.2917223,.3303949
3701202,.2796195,.3166876
3701203,.5511087,.6241672
3701204,1.165835,1.320386
3701205,.9314653,1.054946
3701206,.9448232,1.070075
3701207,.3592526,.4068774
3701208,.8352368,.9459612
3701301,.2094052,.2708372
3701302,.4243944,.5488965
3701400,1.758403,2.270958
3701500,2.202815,2.444424
3701600,3.648017,4.078544
3701701,.2757832,.3267378
3701702,.2048922,.2427488
3701703,1.669383,1.977823
3701704,.9013226,1.067854
3701801,.5362704,.6149209
3701802,.6369818,.7304028
3701803,2.210139,2.534282
3701900,2.589238,2.918861
3702000,14.05728,15.44852
3702100,7.121779,7.923204
3702201,18.61065,19.64198
3702202,47.89028,50.54417
3702300,88.92215,96.66964
3702400,54.67577,58.02607
3702500,15.49563,17.23915
3702600,8.166069,9.040156
3702700,1.320641,1.491963
3702800,2.350752,2.962295
3702900,1.429519,1.579381
3703001,4.505273,5.195704
3703002,1.418737,1.636158
3703101,.4094696,.5357876
3703102,.8424491,1.102338
3703103,.5384365,.7045398
3703104,.8211531,1.074472
3703105,.7251616,.9488681
3703106,2.044219,2.674844
3703107,1.327282,1.736737
3703108,1.352804,1.770132
3703200,1.77953,2.015489
3703300,4.434566,5.067913
3703400,1.979818,2.333136
3703500,4.663916,5.076465
3703600,1.187225,1.25648
3703700,3.951468,4.351399
3703800,.9836795,1.571626
3703900,.8081944,.9299918
3704000,2.996063,3.262836
3704101,5.136409,7.174042
3704200,1.898988,2.154575
3704300,54.73517,97.97572
3704501,4.008473,5.833255
3704601,21.79282,35.50268
3704701,9.923205,16.72094
3704800,40.50202,52.73086
3704900,7.406812,8.50148
3705001,.2966586,.3440989
3705002,2.716264,3.150637
3705003,.5272911,.6116132
3705200,1.444608,1.753447
3705301,2.382967,2.528718
3705401,.4192953,.4443954
3800100,3.82938,4.332165
3800200,3.973706,4.0955
3800300,2.313908,2.433987
3800400,2.707892,2.839276
3800500,1.430078,1.484802
3800600,3.321513,3.408727
3900100,23.12614,23.21555
3900200,3.60037,3.603259
3900301,8.37629,8.317622
3900302,1.808654,1.795986
3900303,1.711643,1.699654
3900401,5.680547,5.844462
3900500,4.797351,5.177929
3900601,.2443345,.312472
3900602,1.523666,1.94857
3900701,2.879368,2.998987
3900702,2.280795,2.375547
3900703,1.343774,1.399599
3900704,2.095032,2.182067
3900705,5.528804,5.75849
3900706,3.352359,3.491628
3900707,1.643749,1.712036
3900708,1.976714,2.058834
3900709,1.774552,1.848273
3900710,5.894178,6.139043
3900801,2.392154,2.511633
3900802,4.112847,4.318268
3900900,6.706496,7.572819
3901001,6.319898,6.599136
3901002,.4889296,.4947853
3901003,2.037743,2.176282
3901100,1.282826,1.42403
3901201,2.347276,2.456385
3901202,.895627,.9372584
3901203,.9549977,.9993889
3901204,1.998243,2.091128
3901300,.1713821,.1908924
3901400,.4830506,.5132652
3901500,16.23849,18.06391
3901600,.5414076,.6645113
3901700,10.58674,10.85805
3901800,3.56584,3.560316
3901900,2.098534,2.26321
3902000,9.918574,11.67633
3902100,11.73415,13.38113
3902200,3.797148,4.217883
3902300,2.444191,2.974668
3902400,13.45775,13.89773
3902500,2.549234,2.877017
3902600,2.902653,3.405529
3902701,1.29615,1.413022
3902702,.3039974,.3314083
3902703,4.847129,5.26119
3902800,51.9779,53.2306
3902900,7.695302,8.38751
3903000,67.98106,69.58243
3903100,56.8329,57.56573
3903200,1.30068,1.492471
3903301,4.30652,4.887786
3903302,1.293034,1.46756
3903401,11.85739,11.97817
3903402,5.997731,6.058826
3903403,5.785656,5.844592
3903404,7.771079,7.850239
3903405,12.4768,12.6039
3903406,2.944155,2.974145
3903407,6.216272,6.279594
3903408,5.755449,5.814077
3903409,21.0879,21.30271
3903410,6.509555,6.575864
3903411,20.77477,20.98639
3903500,9.57532,10.09249
3903600,1.743052,1.83172
3903701,3.371212,3.572257
3903702,8.644502,9.160025
3903703,2.149602,2.277796
3903704,1.809532,1.917445
3903801,11.9716,12.92783
3903802,2.347327,2.534818
3903803,2.909098,3.141461
3903901,1.547136,1.604574
3903902,4.441539,4.606434
3904000,2.532907,2.85161
3904100,8.128067,9.523728
3904200,310.5873,317.2558
3904300,38.73956,42.23955
3904400,14.56787,15.81366
3904501,15.00639,15.87014
3904602,3.418446,3.628556
3904701,11.14664,11.45945
3904702,8.535803,8.775349
3904703,8.032576,8.257999
3904704,23.27415,23.9273
3904705,4.490642,4.616666
3904706,4.817537,4.952735
3904707,6.193422,6.367233
4020100,7.211716,7.26568
4020200,2.873967,2.881083
4020300,2.68283,2.745307
4020400,4.296828,4.367642
4020500,8.112761,8.27551
4020600,9.279102,9.21008
4020700,5.087052,5.180597
4020801,16.89686,17.66612
4020802,10.3718,10.844
4020803,4.669438,4.882022
4020804,9.285975,9.708736
4020805,10.323,10.79297
4020900,3.529234,3.546941
4021000,1.687883,1.629829
4021100,1.669648,1.645296
4021200,.5391715,.5111707
4021301,1.920188,1.782922
4021302,4.943259,4.589887
4021401,2.919988,2.851632
4021402,5.333326,5.208476
4021403,7.05287,6.887765
4021404,1.716168,1.675994
4021405,1.734569,1.693964
4021406,3.086337,3.014087
4021500,4.284134,4.14593
4021600,8.179327,7.924778
4021700,4.32143,4.097551
4021800,2.490373,2.363602
4021900,3.174918,3.039145
4022000,5.946325,5.880704
4022100,4.377825,4.404156
4100301,30.01002,32.28631
4100501,1.84244,2.059575
4100502,1.665946,1.86228
4100503,53.73656,60.0695
4100504,2.667993,2.98242
4101701,1.404364,1.507779
4101702,31.23649,33.51766
4101900,117.3994,123.8775
4102901,1.992487,2.11498
4102902,73.54297,78.06418
4103903,.7427424,.7947168
4103904,.7080944,.7576442
4103905,64.82471,69.3609
4104301,18.10955,20.09414
4104703,.9827064,1.081745
4104704,1.717045,1.890091
4104705,39.46629,43.44374
4105101,10.43005,11.76231
4105102,8.933802,10.07495
4105103,4.926956,5.556293
4105105,4.350248,4.90592
4105114,30.02642,33.86179
4105116,72.46351,81.71951
4105901,31.10536,35.2693
4106501,50.27815,52.72165
4106720,2.161699,2.180088
4106721,27.90256,28.13992
4106722,4.094552,4.129384
4106723,1.070646,1.079754
4106724,1.196409,1.206587
4107100,4.036641,4.562759
4109000,42.69302,46.63069
4109100,37.96365,40.74369
4109200,40.9728,44.01465
4109300,16.03737,17.96796
4200111,.103048,.130709
4200112,1.435833,1.821251
4200200,23.36174,24.85542
4200300,53.00827,57.29045
4200400,17.43647,19.00417
4200500,26.69654,29.55987
4200600,7.363611,8.21515
4200701,.734386,.8426924
4200702,13.17955,15.38522
4200801,7.932299,9.558291
4200802,5.009254,6.036069
4200803,28.68249,34.53801
4200900,44.38457,48.67568
4201000,24.29637,28.15217
4201100,38.80486,45.06368
4201200,9.282423,9.531198
4201300,60.78594,64.48133
4201400,1.694122,1.661002
4201511,23.56195,24.07943
4201512,45.18185,45.96288
4201600,7.79921,8.561752
4201701,48.02289,50.79361
4201702,39.81762,42.11493
4201801,192.2987,203.3936
4201802,308.7076,326.5187
4201803,94.36028,99.80447
4201804,131.1126,138.6773
4201805,145.5352,153.932
4201806,41.11833,43.49069
4201807,112.993,119.5122
4201900,68.97586,77.66228
4202011,13.67227,14.35398
4202012,7.718093,8.102924
4202013,32.21555,33.82184
4202100,37.54955,38.66677
4202200,53.97025,55.95694
4202301,69.5504,80.20085
4202302,12.79585,15.17332
4202401,42.57553,45.98364
4202402,277.1403,299.325
4202500,1.874766,2.369932
4202600,21.27497,22.70027
4202701,12.5907,13.632
4202702,4.222115,4.571299
4202703,17.63628,19.09487
4202801,13.55668,14.47745
4202802,4.240933,4.655828
4202803,.5502502,.6040817
4202901,6.768275,7.330519
4202902,21.68392,23.47872
4203011,23.91782,26.9789
4203012,12.41886,14.00827
4203013,8.828132,9.957986
4203014,4.377083,4.937277
4203015,6.184043,6.975498
4203111,14.96018,17.13629
4203112,15.8807,18.19069
4203113,5.837239,6.686321
4203114,9.850921,11.28383
4203115,9.89564,11.33505
4203116,5.923925,6.785616
4203117,4.415119,5.05734
4203216,7.632993,9.172713
4203221,8.433823,10.13509
4203222,5.490909,6.598529
4203223,3.863233,4.642521
4203224,3.112218,3.740011
4203225,3.37349,4.053987
4203227,4.497744,5.405025
4203228,5.400412,6.489777
4203229,5.521527,6.635324
4203230,2.470849,2.969266
4203231,5.44665,6.545343
4203311,2.176052,3.440073
4203312,.7359967,1.163521
4203313,1.163149,1.838796
4203314,2.885487,4.561602
4203411,2.184691,2.589952
4203412,.9488812,1.124899
4203413,.872077,1.033848
4203414,1.742486,2.065718
4203415,2.84718,3.375333
4203501,1.938527,2.113712
4203502,7.958937,8.67819
4203503,19.13686,20.86626
4203504,6.521868,7.111253
4203601,4.405313,4.685809
4203602,16.00665,17.02583
4203603,22.63946,24.08097
4203701,8.811604,9.968344
4203702,8.053631,9.085113
4203800,35.53804,36.64065
4203900,47.29723,46.98425
4204011,67.15986,69.91863
4204012,87.68796,90.94097
4400103,1.789114,1.974295
4400105,31.21432,34.44515
4400106,2.284352,2.520793
4400107,5.614506,6.195634
4400200,13.59594,16.12305
4400300,7.410165,14.48287
4400400,12.3914,15.7438
4500101,.9334747,1.129574
4500201,3.152671,3.38569
4500301,6.991263,7.544386
4500302,3.091806,3.336418
4500303,.8249021,.8901653
4500304,.9943491,1.073018
4500305,2.055967,2.218628
4500401,1.968975,2.152409
4500402,2.583165,2.823819
4500403,1.227482,1.341836
4500501,3.454853,4.740802
4500601,.4520093,.7103133
4500602,.8836718,1.388653
4500700,2.103896,2.494448
4500800,2.295725,2.50898
4500901,1.031262,1.162574
4501001,2.144854,2.341418
4501100,.4267794,.4876879
4501200,13.86406,16.71374
4501301,.6324766,.7493904
4501302,1.17093,1.387377
4501401,1.169483,1.449491
4501402,.2764417,.3426299
4501403,2.336541,2.895978
4501501,1.36141,1.675816
4501600,2.451839,2.78
4501700,.4176462,.6883206
4501800,3.239542,3.638846
4501901,99.32045,147.4371
4502001,55.59662,84.80374
4502100,5.056748,6.793308
4502201,2.088972,3.054296
4502202,.206308,.301644
4502301,74.54554,149.3594
4502302,21.27812,42.63284
4502303,60.34441,120.906
4502400,50.92984,56.47851
4502500,.584801,.6625128
4502601,20.57324,32.60002
4502701,12.42887,19.73451
4502702,7.064939,11.21768
4600100,28.15068,29.83492
4600200,4.95331,5.00669
4600300,4.13898,4.301651
4600400,4.015315,4.020604
4600501,4.183192,4.225484
4600601,.1435223,.1454701
4700100,.7759556,.8617286
4700200,18.2431,19.15499
4700301,7.332427,7.888514
4700302,1.042718,1.121797
4700401,15.91488,16.68321
4700501,4.142267,4.29849
4700600,45.62624,46.34787
4700700,7.937268,8.010283
4700800,24.60215,26.63663
4700900,5.653851,6.11018
4701000,13.10617,13.27465
4701101,30.27424,32.42092
4701201,3.236218,3.384283
4701300,3.462703,3.76098
4701400,48.42601,50.73059
4701501,10.97959,11.10133
4701502,13.49214,13.64174
4701503,16.63232,16.81675
4701504,53.19897,53.78888
4701600,26.11292,27.52555
4701700,44.26001,46.88002
4701800,2.665054,2.734851
4701900,12.69078,13.87008
4702001,1.153923,1.212956
4702002,1.645609,1.729796
4702003,9.24023,9.712945
4702101,.6745438,.7246754
4702102,2.756106,2.960937
4702200,7.557544,7.987868
4702300,18.56821,19.17935
4702401,4.772689,4.954521
4702402,5.922067,6.147687
4702403,8.496555,8.820259
4702404,22.30649,23.15633
4702405,7.820184,8.118119
4702406,15.97978,16.58858
4702501,1.17301,1.542235
4702502,.9901387,1.301801
4702503,1.254521,1.649402
4702504,7.954403,10.45818
4702505,2.541173,3.341048
4702506,1.925875,2.532076
4702507,.7130595,.9375067
4702508,3.438492,4.520813
4702600,1.799606,1.937592
4702700,1.895825,2.125683
4702800,1.223582,1.27637
4702900,37.53748,38.41509
4703000,20.25526,20.84997
4703100,12.24608,12.67904
4703200,7.275198,7.6807
4703300,15.01208,15.3637
4703401,39.76961,40.8937
4703402,79.30345,81.54497
4703403,262.8383,270.2675
4703500,34.57426,35.30375
4703600,12.44665,13.01018
4703700,29.35992,29.50491
4800100,6.163094,6.475778
4800200,2.882375,2.885872
4800300,1.811691,1.832672
4800400,3.97724,4.169795
4800501,.3517376,.3710457
4800502,7.510431,7.922703
4800600,2.739066,2.748391
4800700,9.880668,10.01647
4800800,8.630362,8.262727
4800900,2.188791,2.185633
4801000,1.932441,2.706623
4801100,5.725189,6.052281
4801200,2.534779,2.67498
4801300,1.753053,1.790044
4801400,2.188325,2.235334
4801501,1.410614,1.533195
4801502,.1879294,.2042604
4801600,2.795142,2.891294
4801700,2.042426,2.144058
4801800,2.059884,2.187298
4801901,.1239161,.122809
4801902,.101994,.1010827
4801903,.0854445,.0846811
4801904,.1947007,.1929611
4801905,.1859711,.1843096
4801907,2.006327,1.988402
4801908,.4813944,.4770934
4801909,.1195021,.1184344
4802001,1.009726,1.025806
4802002,1.48887,1.51258
4802003,4.322277,4.391109
4802004,2.355319,2.392827
4802005,1.620482,1.646288
4802006,22.50258,22.86093
4802101,1.719106,1.768837
4802102,2.478939,2.54031
4802200,9.838817,10.63211
4802301,3.818438,4.028646
4802302,2.291916,2.418087
4802303,5.259194,5.548717
4802304,13.67875,14.43178
4802305,2.658283,2.804623
4802306,2.422125,2.555464
4802307,1.530587,1.614847
4802308,2.169302,2.288724
4802309,2.181275,2.301356
4802310,2.076285,2.190586
4802311,2.324936,2.452925
4802312,3.104446,3.275348
4802313,1.334263,1.407715
4802314,3.214739,3.391712
4802315,2.396337,2.528257
4802316,1.950055,2.057407
4802317,5.501919,5.804803
4802318,5.345553,5.63983
4802319,4.506533,4.754621
4802320,2.991772,3.156472
4802321,3.564654,3.760891
4802322,4.045385,4.268087
4802400,5.483459,5.773062
4802501,4.787156,4.897201
4802502,2.350096,2.404119
4802503,1.861437,1.904227
4802504,1.73199,1.771804
4802505,2.776942,2.840777
4802506,5.235187,5.355531
4802507,2.252034,2.303802
4802508,1.966084,2.011279
4802509,3.215868,3.289793
4802510,2.646863,2.707707
4802511,1.889382,1.932814
4802512,2.386211,2.441064
4802513,1.753698,1.794011
4802514,7.277618,7.444912
4802515,4.67755,4.785075
4802516,8.577304,8.774475
4802600,14.4744,14.91034
4802700,1.064297,1.114982
4802900,11.20678,11.41373
4803000,8.307178,8.62964
4803100,12.07783,12.58552
4803305,.2375926,.238478
4803306,.266696,.2676899
4803307,1.820434,1.827218
4803308,.0952483,.0956033
4803309,.148428,.1489811
4803310,.1265707,.1270424
4803400,58.99348,61.66684
4803501,.3741141,.399922
4803502,6.064584,6.482943
4803600,4.690762,4.941157
4803700,4.463725,4.705141
4803801,.1097696,.1137155
4803802,2.419009,2.505965
4803900,4.631751,5.349691
4804000,2.66192,2.659115
4804100,2.186794,2.323933
4804200,14.89887,148.7808
4804301,2.672031,10.43925
4804302,29.76301,116.2799
4804400,12.11884,16.90415
4804501,1.087372,1.295853
4804502,.7721422,.9201849
4804503,.1078457,.1285229
4804504,.3126825,.372633
4804601,2.16301,3.288845
4804602,2.177631,3.311076
4804603,1.858575,2.825953
4804604,1.83882,2.795917
4804605,2.429941,3.694712
4804606,3.475133,5.283921
4804607,5.225436,7.945248
4804608,2.492653,3.790066
4804609,2.334018,3.548863
4804610,2.241093,3.40757
4804611,2.645735,4.022826
4804612,1.638283,2.491001
4804613,1.717016,2.610713
4804614,.8676347,1.319234
4804615,1.137764,1.729965
4804616,1.553797,2.36254
4804617,3.944705,5.997904
4804618,2.173967,3.305505
4804619,2.321151,3.529298
4804620,3.552691,5.401848
4804621,5.713981,8.688078
4804622,7.327231,11.14102
4804623,9.78644,14.88023
4804624,13.27753,20.18842
4804625,6.490312,9.868485
4804626,2.368209,3.60085
4804627,4.223372,6.421616
4804628,2.51263,3.82044
4804629,2.585203,3.930788
4804630,7.527153,11.445
4804631,3.549106,5.396397
4804633,1.610031,2.448044
4804634,2.210281,3.360721
4804635,3.297545,5.0139
4804636,3.591145,5.460318
4804637,1.542424,2.345248
4804638,1.199702,1.82414
4804639,7.481934,11.37624
4804640,11.72879,17.83356
4804701,121.3379,198.7139
4804702,34.20634,56.01937
4804801,5.642112,7.936588
4804802,70.88268,99.7085
4804803,80.97985,113.9119
4804901,2.586303,2.825756
4804902,3.363181,3.674561
4804903,4.475377,4.88973
4804904,3.105787,3.393337
4804906,10.5916,11.57222
4804907,37.99541,41.51322
4805000,24.93204,55.72344
4805100,9.339808,9.988488
4805201,2.581296,2.694286
4805202,.1577534,.1646587
4805203,.1365803,.1425588
4805204,.5672533,.5920835
4805301,7.514957,8.14851
4805302,.9382393,1.017338
4805303,1.60817,1.743748
4805304,1.962513,2.127964
4805305,3.610589,3.914981
4805306,.9802411,1.062881
4805307,.9139203,.9909688
4805308,2.280219,2.472454
4805309,16.75452,18.16702
4805401,4.296269,4.629055
4805402,.8834671,.9518998
4805500,2.402877,3.603442
4805600,6.727371,15.81942
4805700,24.31217,24.55663
4805800,8.022627,8.328259
4805901,.7613322,.8157557
4805902,1.441947,1.545024
4805903,1.320568,1.414968
4805904,.7560835,.8101318
4805905,1.406788,1.507351
4805906,1.199449,1.285191
4805907,19.13417,20.50197
4805908,1.005133,1.076985
4805909,.8432325,.9035106
4805910,.970392,1.03976
4805911,1.352548,1.449234
4805912,1.249875,1.339222
4805913,1.382348,1.481164
4805914,6.958123,7.455522
4805915,5.292156,5.670464
4805916,2.611283,2.797949
4806000,12.57309,12.90961
4806100,15.61538,16.15011
4806301,.0201701,.0216255
4806302,2.671792,2.864588
4806500,40.91691,57.85225
4806601,29.70093,59.47299
4806603,1.003155,2.008712
4806604,2.697601,5.401662
4806701,77.80076,132.6812
4806702,43.81768,74.72654
4806703,5.583052,9.52132
4806801,6.53217,6.751592
4806802,4.008111,4.142747
4806803,3.010079,3.11119
4806804,5.48469,5.668926
4806805,1.847413,1.909469
4806806,2.248077,2.323592
4806807,38.00036,39.27683
4807200,11.68142,11.86205
4807300,4.790212,5.30351
4807401,.2216024,.2339867
4807402,4.065345,4.292539
4807500,5.842958,6.357098
4807600,2.77049,3.015445
4807700,11.33158,12.62388
4903000,3.19612,3.713225
4905000,8.221169,9.563877
4911002,1.013626,1.156071
4911003,3.278321,3.739022
4911004,.5328161,.6076924
4913000,5.660676,5.96412
4921000,9.289848,9.999531
4935008,2.527144,2.544443
4935009,1.231791,1.240223
4935011,.8691016,.8750511
4935012,3.157375,3.178989
4935013,1.056499,1.063732
4935014,4.705072,4.737281
4935015,1.424549,1.4343
4935016,.6817399,.6864067
4935017,3.202286,3.224208
4949001,3.08623,3.204201
4949002,.1726099,.1792079
4949003,.1411343,.1465291
4949004,3.974497,4.126421
4953000,.4288501,.5036985
4957001,1.817545,2.04323
4957002,2.6292,2.955669
5000100,30.37432,32.2684
5000200,76.56273,81.01525
5000300,10.3864,10.54513
5000400,87.15125,95.86458
5101301,1.647876,1.937273
5101302,1.633677,1.92058
5101500,42.37941,45.04296
5101900,18.55058,19.18191
5104101,1.284419,1.480464
5104102,1.360618,1.568293
5104103,4.143458,4.775886
5105901,1.030301,1.128882
5105902,1.134099,1.242612
5105904,.9975449,1.092992
5105905,2.602252,2.851241
5105906,.6517742,.7141373
5105907,.6410971,.7024386
5105908,.7733109,.8473028
5106100,12.78072,13.39459
5106900,7.382806,8.129975
5107300,88.39974,119.6375
5108300,9.445915,11.14209
5108501,6.289833,7.571812
5108701,1.971308,2.11995
5108702,.6994304,.7521692
5109500,7.90464,19.04585
5110701,.2212667,.2381442
5110702,.4072781,.4383438
5110703,2.786214,2.998737
5110901,15.34731,16.31803
5112100,43.04573,44.73461
5114300,31.04172,33.28422
5114501,5.964344,6.317679
5114900,9.878963,10.89453
5115301,1.911023,2.122173
5115302,.3785217,.4203449
5115303,.2754087,.3058388
5116101,67.20191,71.15758
5116500,7.28048,8.054247
5117100,44.70069,46.49268
5117700,5.040412,5.340308
5117900,3.07693,4.414976
5118500,190.2215,198.9713
5119100,83.35523,88.28846
5151000,11.4913,15.41925
5154001,7.126366,7.505453
5155001,.2181722,.6716106
5155002,1.282022,3.946513
5160001,1.259619,1.391663
5161001,1.457638,1.597353
5165000,7.257606,21.51184
5168000,8.192552,8.38773
5168701,1.261793,1.352808
5170000,1.549325,2.861591
5171001,9.538184,23.9726
5171002,10.95083,27.52304
5174001,3.532359,12.65824
5176001,9.184918,9.537795
5176002,9.962518,10.34527
5177001,29.95731,32.20315
5180000,4.434084,5.534333
5181001,2.2709,5.563368
5181002,1.538399,3.768849
5181003,7.270926,17.81269
5320501,44.27943,52.3492
5320502,1.338865,1.607451
5320503,1.202556,1.459617
5320700,119.0042,125.7941
5320900,29.39221,31.17501
5321101,38.76953,42.38203
5321102,6.547346,7.15742
5321103,4.026519,4.401705
5321104,2.976876,3.254257
5321500,55.21321,63.26088
5322500,37.41635,42.51444
5322700,18.48173,20.47136
5322900,3.149034,3.259615
5323301,7.275786,7.986953
5323302,244.5243,268.4252
5323303,9.253487,10.15796
5323304,9.451602,10.37544
5323305,20.84114,22.87824
5323306,167.0629,183.3923
5323307,17.46561,19.17278
5323308,15.59827,17.12291
5323309,9.55141,10.48501
5323310,7.366875,8.086946
5323311,10.26031,11.2632
5323312,5.559053,6.102419
5323313,3.236341,3.552675
5323314,1.821507,1.999549
5323315,1.252374,1.374786
5323316,3.083341,3.38472
5323317,2.741936,3.009945
5323318,3.581837,3.931941
5323501,5.49627,6.195245
5323502,6.514329,7.342773
5324100,70.27925,75.90182
5325301,2.324328,2.444851
5325302,1.564611,1.645741
5325303,5.710734,6.006852
5325304,95.04588,99.97429
5325305,3.69516,3.886764
5325306,3.005899,3.161764
5325307,2.336185,2.457323
5325308,19.65899,20.67837
5325701,44.70172,48.3944
5326101,17.95437,20.91141
5326102,16.94402,19.73465
5326103,1.154066,1.344138
5326104,.4749,.5531148
5326105,.4546275,.5295035
5326106,.6208323,.7230817
5326301,54.82799,63.8105
5326302,3.837969,4.466746
5326303,3.595314,4.184337
5326304,1.490509,1.734701
5326500,63.46468,71.99229
5326701,11.23107,12.27419
5326702,1.398148,1.528006
5327301,51.0707,54.49006
5327302,2.792507,2.979475
5327500,43.90876,47.96953
5327701,22.12055,24.43111
5327702,.3462928,.3824641
5400100,256.0785,260.049
5400200,167.2654,172.3201
5400300,76.79412,83.80994
5400400,20.66142,21.1218
5400500,27.79639,29.05059
5400600,61.73039,63.73691
5400700,94.7416,97.67915
5400800,88.78067,91.58018
5400900,485.2462,497.221
5401000,72.39938,74.15619
5401100,73.08794,75.77824
5401200,249.7177,261.095
5500100,23.05196,23.19566
5500200,23.0217,23.39242
5500300,20.77571,20.93325
5500400,22.87653,23.08761
5500501,.8154455,.8918922
5500502,8.331839,9.112935
5500600,3.559855,3.68463
5500700,10.83599,11.4265
5500800,16.42237,17.21268
5500900,6.87353,6.78717
5501000,5.435146,5.618018
5501100,5.418244,5.773202
5501200,48.76173,48.9527
5501300,47.01881,47.77424
5501400,14.31104,14.49721
5501500,8.625998,8.754195
5501600,17.55934,18.03514
5501700,4.983158,5.231233
5501800,16.45582,16.70299
5501900,13.0064,13.86491
5502000,16.12556,17.11092
5502101,.1448515,.154259
5502102,.5482309,.5838365
5502103,.9081978,.9671819
5502104,1.199878,1.277806
5502105,7.438305,7.921397
5502200,52.36472,55.94665
5502300,9.165719,9.420792
5502400,.6413227,.7405132
5502501,5.897232,6.095383
5502502,1.968968,2.035126
5502503,2.708042,2.799035
5502600,4.466562,4.749374
5502801,11.56866,11.29045
5502802,11.07412,10.8078
5502803,4.673804,4.561405
5502804,5.303062,5.175529
5502805,4.814155,4.69838
5502806,8.965863,8.750244
5502807,17.59902,17.17578
5502808,28.80099,28.10836
5502900,4.472059,4.807119
5503000,6.419754,6.184266
5600100,11.59395,13.01662
5600200,5.368982,5.883868
5600300,2.041272,2.240473
5600400,14.33061,15.97663
5600500,9.85821,10.83614
